Customer_ID,Age,Annual_Income,Credit_Score,Tenure_Months,Card_Tier,Acquisition_Channel,Credit_Limit,Avg_Monthly_Spend,Utilization_Rate,Avg_Payment_Ratio,Delinq_30D_Count,Satisfaction_Score,Churn_Risk
C00001,39,57574,668,75,CLASSIC,Branch,4845,433.59,0.519,0.755,0,7,0.069
C00002,29,62653,766,56,GOLD,Digital,14198,1203.08,0.312,0.775,0,8,0.073
C00003,21,48073,706,64,Gold,Branch,6737,814.05,0.351,0.726,0,9,0.078
C00004,37,86532,697,125,Gold,Branch,14953,1468.77,0.426,0.722,0,9,0.02
C00005,51,81258,752,55,Gold,Digital,16675,1635.51,0.186,0.823,0,8,0.092
C00006,41,72479,605,46,Classic,Branch,1775,283.12,0.525,0.676,0,7,0.103
C00007,35,41651,669,56,Classic,partner,2947,398.39,0.422,0.63,0,8,0.084
C00008,43,46613,657,18,Classic,Digital,2882,525.55,0.632,0.654,0,7,0.07
C00009,28,56659,770,41,Gold,Digital ,13291,1372.12,0.137,0.851,0,,0.09
C00010,42,28000,682,68,Classic,Partner,1920,174.42,0.478,0.763,0,9,0.02
C00011,21,115024,682,53,platinum,PARTNER,22684,2329.78,0.374,0.738,0,6,0.215
C00012,29,46563,713,28,Gold,Digital,8822,1219.33,0.377,0.941,0,9,0.02
C00013,31,124900,759,26, Platinum,Digital,29053,3481.97,0.288,0.855,0,10,0.02
C00014,35,47507,755,112, Gold,Digital,7947,640.0,0.192,1.0,0,9,0.03
C00015,32,57136,599,69,Classic,Digital,4041,935.15,0.433,0.817,0,8,0.035
C00016,53,46392,691,55,Classic,Digital,5094,150,0.244,0.705,0,8,0.078
C00017,38,134727,666,64,Platinum,Digital,28456,3165.36,0.474,0.853,0,6,0.173
C00018,61,95014,722,75,Platinum,Partner,17129,2012.68,0.453,0.838,0,5,0.19
C00019,39,65745,626,67,Classic,Direct Mail,4644,723.12,0.604,0.63,0,8,0.022
C00020,44,56657,722,20,Gold,Partner,8693,784.63,0.54,0.81,0,8,0.126
C00021,44,56385,733,12,Gold,Partner,10572,1251.87,0.394,0.833,0,6,0.158
C00022,21,70705,632,73,Classic,Direct Mail,2215,612.25,0.461,0.767,0,8,0.07
C00023,48,131479,659,101,Platinum,Branch,27835,3009.69,0.323,0.716,0,9,0.043
C00024,60,153741,718,53,Platinum,Direct Mail,34459,3466.16,0.406,0.846,0,7,0.143
C00025,55,82318,699,38,Gold,Digital,13967,1869.87,0.284,0.734,0,6,0.117
C00026,46,114660,600,52,Gold,Digital,14068,2032.22,0.479,0.629,0,6,0.152
C00027,33,67533,665,41,Gold,Digital,9416,917.08,0.423,0.859,0,9,0.02
C00028,49,28953,660,80,Classic,Partner,5035,539.64,0.414,0.751,1,6,0.22
C00029,51,70227,683,12,Gold,Partner,12187,1331.33,0.35,0.886,0,6,0.18
C00030,36,82140,717,50,Gold,Partner,13674,1396.38,0.412,0.835,0,7,0.152
C00031,47,49783,702,18,Gold,Digital,10116,759.4,0.415,0.633,0,,0.145
C00032,26,37869,721,7,Classic,Digital,3674,610.58,0.427,0.686,0,6,0.202
C00033,29,88766,717,14,Gold,Partner,16105,1471.39,0.17,0.704,0,6,0.155
C00034,42,127388,765,90,Platinum,Branch,29960,3483.11,0.382,0.852,0,6,0.166
C00035,25,40219,621,73,Classic,Partner,3499,909.09,0.423,0.613,0,4,0.274
C00036,53,56581,557,88,Classic,Direct Mail,4920,508.97,0.456,0.608,0,8,0.054
C00037,43,84317,640,13,Gold,Digital,13034,1454.7,0.538,0.674,0,8,0.094
C00038,38,62366,641,26,Classic,Branch,6158,721.75,0.375,0.601,0,6,0.141
C00039,37,68642,747,16,Gold,Digital,12199,1268.6,0.142,0.843,0,5,0.253
C00040,29,52323,680,66,Classic,Digital,2163,794.13,0.346,0.882,0,7,0.116
C00041,31,28000,672,91,Classic,Partner,3422,213.37,0.396,0.87,0,8,0.07
C00042,49,85356,654,57,Gold,Digital,9426,1092.9,0.502,0.702,1,10,0.02
C00043,32,77622,715,73,Gold, Partner,9183,670.42,0.368,0.687,0,10,0.02
C00044,60,64910,632,7,CLASSIC,Branch,2676,978.03,0.431,0.729,0,9,0.075
C00045,43,99733,659,34,Gold,Branch,13189,1318.49,0.561,0.774,0,6,0.169
C00046,57,46866,835,16,Gold,Direct Mail,13835,1059.75,0.285,0.876,0,6,0.15
C00047,54,137904,744,99,Platinum,Digital,30342,3123.73,0.467,0.911,0,8,0.111
C00048,52,35507,717,30,Classic,Branch,5656,692.15,0.401,0.864,0,6,0.176
C00049,26,107142,659,8,Gold,Direct Mail,13568,1877.12,0.431,0.774,0,8,0.061
C00050,50,167436,720,13,Platinum,Digital,35236,4033.65,0.343,0.912,0,6,0.159
C00051,49,172741,824,29,Platinum,Digital,40000,4154.15,0.15,1.0,0,6,0.153
C00052,42,83842,563,21,Classic,partner,6294,884.1,0.614,0.569,0,7,0.09
C00053,48,82138,771,15,Platinum,Branch,20703,1642.45,0.288,0.861,0,4,0.243
C00054,70,118470,645,13,Gold,Digital,14315,1442.24,0.376,0.539,0,10,0.02
C00055,21,58827,676,102,Gold,Partner,11295,1004.75,0.393,0.788,0,6,0.147
C00056,54,47027,661,51,Classic,Branch,3341,446.85,0.636,0.72,0,9,0.02
C00057,47,113121,725,49,Platinum,Partner,27030,3114.77,0.482,0.749,0,6,0.185
C00058,44,177307,701,65,Platinum,Partner,38570,4427.3,0.517,0.827,0,9,0.02
C00059,35,66438,676,144,Classic ,Direct Mail,4668,952.94,0.509,0.798,0,9,0.02
C00060,47,96007,706,26,Gold,Partner,14465,1689.69,0.444,0.88,0,,0.111
C00061,32,44459,671,57,Classic,partner,8482,579.9,0.28,0.861,0,8,0.02
C00062,21,116793,699,32,Platinum,PARTNER,22166,2139.92,0.299,0.691,0,8,0.025
C00063,37,47041,719,43,Gold,Digital,8895,335.04,0.353,0.799,0,9,0.069
C00064,48,59166,626,29,Classic,Digital,4765,736.07,0.545,0.564,0,6,0.145
C00065,35,74967,631,107,Gold,Branch,9308,1240.61,0.438,0.808,0,,0.038
C00066,49,43558,699,84,Classic,Digital,4733,600.01,0.541,0.834,0,10,0.02
C00067,37,57138,610,19,Classic,Branch,2344,557.03,0.437,0.706,0,7,0.114
C00068,38,64075,653,31,Classic,Digital,4808,499.65,0.322,0.729,0,9,0.02
C00069,49,147629,677,28,Platinum,direct mail,30084,3440.86,0.426,0.869,0,9,0.02
C00070,35,57194,609,8,Classic,Partner,2046,515.25,0.384,0.544,1,6,0.205
C00071,26,59035,826,80,Platinum,Digital,19379,1794.62,0.142,1.0,0,6,0.207
C00072,75,42737,636,53,Classic,Digital,3283,663.28,0.719,0.693,0,8,0.055
C00073,31,89747,722,58,Gold,Branch,10485,1363.07,0.487,0.991,0,8,0.042
C00074,21,57161,599,54,Classic,Digital,1000,496.91,0.749,0.711,0,10,0.02
C00075,23,77874,559,10,Classic,Partner,3316,444.84,0.654,0.513,0,8,0.032
C00076,41,100154,520,43,Classic,Digital,1081,150,0.567,0.473,1,4,0.279
C00077,61,119979,677,44,Platinum,Direct Mail,24678,3278.95,0.478,0.694,0,8,0.102
C00078,54,101902,644,16,Gold,Branch,12492,1387.88,0.403,0.693,0,8,0.05
C00079,29,57215,602,11,Classic,Digital,2648,910.8,0.345,0.496,0,8,0.063
C00080,34,43281,574,32,Classic,Digital,1000,150,0.469,0.598,0,9,0.02
C00081,28,63381,628,31,Classic,Direct Mail,1000,150,0.282,0.715,0,6,0.161
C00082,52,31182,775,82,Gold,Direct Mail,6679,939.84,0.278,0.811,0,8,0.02
C00083,24,75068,626,34,CLASSIC,Partner,6156,715.21,0.406,0.655,0,6,0.184
C00084,33,38153,705,36,Classic,Digital,2274,296.27,0.301,0.826,0,9,0.02
C00085,33,133327,644,116,Platinum,Partner,25276,2800.22,0.595,0.627,0,6,0.168
C00086,41,82783,682,28,Gold,branch,13540,1481.86,0.469,0.82,0,9,0.02
C00087,42,72305,718,95,Gold,Digital,11039,1789.47,0.288,0.755,0,9,0.038
C00088,23,133514,666,19,Gold,Digital,19613,2552.62,0.611,0.776,0,8,0.043
C00089,33,102713,619,80,Gold,Digital,13372,1593.84,0.798,0.623,0,9,0.02
C00090,67,74979,676,45,Classic,Digital,9061,910.24,0.591,0.705,0,7,0.166
C00091,35,120379,735,62,platinum,Partner,29572,2466.9,0.29,0.817,0,8,0.02
C00092,37,80232,704,41,Gold,Direct Mail,13348,1130.83,0.212,0.78,0,5,0.217
C00093,54,42552,642,26,Classic,Branch,5054,910.52,0.415,0.686,1,7,0.132
C00094,43,85402,727,32,CLASSIC,Direct Mail,7387,1215.71,0.273,0.811,0,9,0.042
C00095,38,31490,619,32,Classic,Direct Mail,1091,150,0.497,0.583,0,9,0.02
C00096,43,131115,655,14,Gold,Partner,14827,1639.65,0.287,0.723,0,9,0.02
C00097,46,77327,736,7,Gold,Digital,12262,1664.26,0.408,0.913,0,7,0.154
C00098,51,39657,619,13,Classic,Digital,3072,325.8,0.634,0.744,0,8,0.031
C00099,47,51415,672,29,Classic,Digital,4966,220.43,0.662,0.829,0,7,0.049
C00100,32,42615,716,37,Classic,Digital,2807,207.87,0.452,0.922,0,8,0.03
C00101,59,86947,730,61,Classic,Partner,7325,669.43,0.172,0.913,0,7,0.074
C00102,54,48166,640,43,Classic,Partner,3842,355.31,0.344,0.685,0,7,0.123
C00103,42,36565,730,39,Classic,Branch,4230,870.47,0.372,0.791,0,9,0.02
C00104,51,76397,619,54,Classic,Digital,3610,670.92,0.657,0.713,1,7,0.122
C00105,49,37007,715,68,Classic,Digital,4247,767.39,0.468,0.816,1,9,0.026
C00106,38,120283,700,80,Platinum,Digital,26030,2736.67,0.26,0.754,0,8,0.02
C00107,38,200622,633,29,Platinum, Digital,40000,4287.08,0.375,0.617,0,7,0.118
C00108,47,78773,726,52,Gold,Direct Mail,12703,1058.82,0.608,0.759,0,8,0.07
C00109,52,84316,743,13,Gold,Digital,14212,1871.26,0.26,0.73,0,7,0.092
C00110,21,118270,668,49,Classic,Partner,11410,1302.03,0.748,0.753,0,8,0.076
C00111,62,28000,611,34,Classic, Partner,3265,379.83,0.59,0.7,1,8,0.027
C00112,33,138242,705,35,Platinum,Digital,30082,3440.51,0.596,0.86,1,6,0.141
C00113,25,80554,725,18,GOLD,Digital,11105,984.26,0.377,0.763,0,7,0.107
C00114,31,71942,531,18,Classic,Digital,1000,563.36,0.704,0.681,0,6,0.141
C00115,25,56133,660,46,Classic,Digital,2865,507.02,0.712,0.806,0,7,0.13
C00116,48,147838,756,69,Classic,Digital,17462,1705.89,0.53,0.884,0,7,0.101
C00117,37,39542,604,34,Classic,Digital,1526,410.03,0.592,0.692,1,7,0.083
C00118,43,115691,684,31,Platinum,Digital,22454,2895.47,0.271,0.831,0,8,0.05
C00119,34,77279,742,58,Gold,Digital,13434,1696.56,0.554,0.799,0,5,0.219
C00120,41,37577,679,11,Classic,branch,6110,1086.43,0.622,0.611,0,8,0.067
C00121,50,54998,668,90,Classic,Digital,4932,347.72,0.327,0.777,0,8,0.02
C00122,34,50822,636,14,CLASSIC,Digital,1000,150,0.547,0.699,0,8,0.04
C00123,29,94074,739,27,Platinum,Branch ,23524,2244.34,0.195,0.797,0,8,0.02
C00124,31,54911,656,9,Classic,Digital,8269,957.13,0.563,0.763,0,5,0.233
C00125,43,76965,630,36,Gold,Branch,11784,1419.22,0.319,0.607,0,7,0.097
C00126,33,35855,693,54,Classic,Direct Mail,3447,366.74,0.228,0.946,0,7,0.135
C00127,41,107842,685,17,Classic,Direct Mail,9683,1406.5,0.376,0.785,0,7,0.131
C00128,37,82774,765,24,Platinum,Digital,20039,1979.07,0.333,0.96,0,8,0.051
C00129,44,92316,753,70,Classic,Digital,10860,1401.37,0.2,0.927,0,6,0.14
C00130,51,104502,696,31,Platinum,Branch,23111,2630.44,0.352,0.875,0,7,0.108
C00131,44,54382,698,68,Gold,Digital,8488,756.3,0.252,0.846,0,6,0.244
C00132,44,105674,634,63,Gold,Branch,14430,1759.13,0.457,0.694,0,7,0.098
C00133,28,62892,641,13,Classic,Digital,7336,1467.64,0.633,0.623,0,7,0.112
C00134,35,101923,788,12,Platinum,Digital,23094,2211.15,0.165,0.848,0,7,0.115
C00135,55,46767,643,48,Classic,Digital,1039,796.39,0.332,0.72,0,8,0.043
C00136,49,58288,593,15,Classic,Direct Mail,2814,336.33,0.546,0.607,1,9,0.02
C00137,34,53572,674,18,Classic,Branch,6324,333.27,0.369,0.896,0,7,0.112
C00138,43,143879,673,131,platinum,Digital,30451,2988.35,0.376,0.825,0,7,0.133
C00139,51,41770,762,70,Classic,Direct Mail,6040,1265.76,0.245,0.894,1,7,0.125
C00140,28,70486,672,28,Classic ,Partner,7983,525.94,0.373,0.842,0,7,0.12
C00141,31,77116,707,73,Gold,Partner,14256,1586.87,0.313,0.735,0,8,0.05
C00142,63,62635,622,30,Classic,Digital,6376,432.2,0.423,0.514,1,9,0.02
C00143,63,50734,712,37,Classic,Digital,5072,787.34,0.456,0.925,0,7,0.109
C00144,34,31555,636,9,Classic,Branch,1000,150,0.48,0.658,0,7,0.139
C00145,46,39779,633,55,Classic,Direct Mail,1000,306.79,0.328,0.839,0,10,0.02
C00146,55,81238,712,48,Classic,Partner,7700,934.43,0.474,0.763,0,7,0.092
C00147,36,95760,665,72,Gold,branch,13354,1817.16,0.422,0.792,0,8,0.068
C00148,68,157366,708,46,Platinum,Digital,34133,3726.04,0.338,0.843,0,7,0.151
C00149,41,161396,678,20,Platinum,DIGITAL,33833,3757.58,0.437,0.736,0,5,0.221
C00150,35,132996,636,56,Platinum,Direct Mail,25297,2856.6,0.637,0.673,0,10,0.02
C00151,46,131062,825,67,Platinum,Partner,29697,3698.3,0.222,0.983,0,8,0.024
C00152,41,58540,666,50,classic,Branch,7350,1425.5,0.541,0.652,0,9,0.02
C00153,58,143275,674,62,Platinum,Partner,30905,3189.41,0.355,0.613,0,8,0.052
C00154,40,76360,773,44,platinum,Digital,21953,2596.79,0.33,0.928,0,6,0.198
C00155,25,41012,559,48,Classic,Partner,1000,477.22,0.683,0.6,0,6,0.11
C00156,63,69038,606,78,Classic,Direct Mail,5438,551.37,0.543,0.61,0,5,0.155
C00157,37,45527,630,43,Classic,Digital,2895,638.96,0.356,0.538,2,9,0.02
C00158,60,167913,670,8,Platinum,Direct Mail,37175,4368.11,0.455,0.759,0,7,0.171
C00159,51,74995,673,26,Gold,Direct Mail,12463,1446.68,0.434,0.598,0,4,0.268
C00160,48,73246,617,17,Classic,Digital,5701,917.06,0.657,0.849,0,6,0.138
C00161,38,72490,715,48,Gold,Branch,10860,1246.28,0.287,0.879,0,7,0.094
C00162,30,125969,645,144,Platinum,Partner,24651,3265.94,0.435,0.812,0,8,0.053
C00163,36,79417,693,61,Gold,Branch,10265,945.99,0.498,0.8,0,9,0.02
C00164,42,104694,612,13,Gold,Partner,10847,1638.72,0.388,0.573,0,7,0.105
C00165,47,167014,688,35,Platinum,Digital,34862,3455.18,0.383,0.78,0,9,0.02
C00166,40,67374,674,15,Gold,Digital,10249,1010.14,0.386,0.811,0,6,0.148
C00167,36,31513,726,40,Classic,Partner,6625,877.89,0.313,0.767,0,5,0.237
C00168,53,72413,631,54,Classic,Digital,4225,421.46,0.645,0.686,0,6,0.161
C00169,47,42339,604,40,Classic,Partner,4654,469.4,0.563,0.628,1,8,0.067
C00170,66,45524,573,49,Classic,Digital,1000,150,0.583,0.691,0,9,0.02
C00171,46,54749,702,34,Gold,DIGITAL,10014,1116.67,0.456,0.676,0,7,0.094
C00172,38,57344,749,51,Gold,Partner,10288,965.35,0.282,0.894,0,5,0.191
C00173,39,57652,765,54,Gold,Branch,12571,1187.3,0.418,1.0,0,7,0.114
C00174,27,114411,763,61,Platinum,Branch,24962,2879.43,0.267,0.803,0,8,0.02
C00175,44,66003,787,70,Gold,Branch,15997,1521.1,0.394,0.921,0,10,0.02
C00176,46,52817,624,50,Classic,Digital,3505,215.5,0.456,0.682,0,8,0.067
C00177,35,68262,598,24,Classic,Digital,6112,569.75,0.494,0.635,0,6,0.173
C00178,58,84380,686,9,Gold,Branch,13319,1365.76,0.35,0.769,0,7,0.174
C00179,38,77861,755,37,Gold,Digital,16863,1719.7,0.41,0.823,0,,0.244
C00180,38,85971,627,47,Gold,Digital,14483,2152.97,0.358,0.664,0,9,0.02
C00181,43,43381,711,19,Classic,Partner,4320,150,0.646,0.713,0,8,0.093
C00182,26,57893,661,90,Classic,Digital,4738,333.99,0.484,0.707,0,8,0.054
C00183,40,49048,745,57,Gold,Branch,9171,925.6,0.235,0.782,0,8,0.03
C00184,46,95894,520,107,Classic,Partner,3136,577.13,0.522,0.524,0,5,0.223
C00185,21,85084,635,21,GOLD,Partner,7605,879.82,0.485,0.709,0,9,0.034
C00186,31,108267,642,127,Classic,Partner,7271,1134.5,0.553,0.75,0,7,0.066
C00187,54,32331,649,14,Classic,Digital,2399,746.58,0.387,0.632,0,6,0.113
C00188,46,152652,642,78,Platinum,Digital,29176,3365.23,0.472,0.767,0,8,0.056
C00189,38,95772,750,79,Gold,Partner,13315,1614.12,0.414,0.781,0,6,0.193
C00190,49,88435,642,27,Gold,Branch,9434,1224.15,0.338,0.638,0,8,0.051
C00191,40,49406,679,86,Classic,Partner,5689,624.55,0.34,0.768,0,9,0.065
C00192,44,29941,740,23,Classic,Direct Mail,7029,828.12,0.213,0.915,0,7,0.114
C00193,39,124448,692,36,Classic,Digital,10426,951.59,0.334,0.666,0,10,0.02
C00194,37,39840,646,61,Classic,Partner,5149,639.18,0.267,0.836,0,6,0.155
C00195,21,124336,710,20,Platinum,Partner,25054,2509.58,0.43,0.783,0,9,0.02
C00196,45,131690,715,37,Platinum,Partner,29823,3231.75,0.252,0.854,0,6,0.143
C00197,49,67247,691,34,Classic,Partner,6985,861.52,0.389,0.752,0,9,0.02
C00198,46,201634,636,77,Platinum,Partner,39011,4235.52,0.657,0.61,0,5,0.21
C00199,64,59868,676,25,Gold,Digital,8634,1000.71,0.453,0.682,0,7,0.125
C00200,40,73474,658,42,Gold,Direct Mail,9483,1049.42,0.4,0.681,1,7,0.133
C00201,43,80700,659,92,gold,Direct Mail,8932,1465.76,0.525,0.875,0,5,0.194
C00202,28,46263,723,79,Gold,Digital,10779,1294.97,0.277,0.818,0,7,0.067
C00203,27,54902,646,39,Classic,Branch,2782,174.21,0.338,0.754,0,10,0.02
C00204,25,85302,679,76,Gold,Branch,11348,1684.74,0.408,0.697,0,5,0.206
C00205,35,28000,596,47,Classic,Branch,1000,400.08,0.644,0.583,0,7,0.124
C00206,47,73653,732,55,Gold,Direct Mail,11267,1522.01,0.556,0.806,0,10,0.02
C00207,51,45657,670,36,Classic,Direct Mail,5574,377.55,0.471,0.731,0,5,0.207
C00208,30,83457,736,53,Gold,Branch,15786,1358.5,0.302,0.786,0,9,0.02
C00209,43,120029,698,77,Platinum,Partner,26356,3176.97,0.409,0.831,0,9,0.03
C00210,58,61040,698,37,Classic,Direct Mail,7667,1374.24,0.369,0.877,0,6,0.137
C00211,44,176181,623,36,Platinum,Digital,32519,3679.45,0.32,0.585,0,9,0.02
C00212,41,46967,747,28,Gold,Direct Mail,7439,972.83,0.416,0.938,0,5,0.19
C00213,54,48920,685,71,Classic,Branch,4445,704.9,0.253,0.661,0,9,0.02
C00214,43,53076,679,30,Classic,Digital,4681,250.85,0.319,0.8,0,8,0.088
C00215,66,45395,680,21,Classic,Branch,6997,805.98,0.582,0.784,0,8,0.032
C00216,25,97271,776,31,Gold,Partner,17742,1933.6,0.318,0.907,0,9,0.02
C00217,45,49733,592,27,Classic,Direct Mail,1000,256.68,0.518,0.575,1,8,0.073
C00218,50,83825,731,60,Gold,Branch,14203,1251.82,0.33,0.651,0,8,0.097
C00219,47,43967,682,114,CLASSIC,Partner,5186,366.1,0.383,0.754,1,7,0.146
C00220,30,133326,633,114,Platinum,Digital,27618,3171.32,0.301,0.508,1,7,0.119
C00221,38,70098,684,22,Gold,Digital,10462,1101.7,0.671,0.725,0,6,0.221
C00222,42,70095,600,30,Classic,Direct Mail,3517,612.69,0.495,0.611,1,7,0.112
C00223,35,28239,711,28,Classic,Digital,3362,224.22,0.245,0.881,0,8,0.025
C00224,32,32574,654,48,Classic,Digital,1000,150,0.334,0.704,0,8,0.102
C00225,35,69371,602,43,Classic,Branch,4145,346.29,0.349,0.543,0,5,0.193
C00226,39,130370,635,54,Platinum,Partner,28328,2877.57,0.446,0.793,0,6,0.147
C00227,45,100880,679,44,Gold,Partner,17083,1952.92,0.302,0.649,0,10,0.02
C00228,55,63095,835,37,Platinum,Digital,19363,2239.26,0.216,0.884,0,8,0.091
C00229,30,91426,730,22,Classic,Partner,13634,1478.37,0.367,1.0,0,7,0.091
C00230,31,67137,609,41,Classic,Digital,3801,740.77,0.585,0.576,0,9,0.02
C00231,39,69916,651,43,Classic,Branch,3479,283.48,0.42,0.615,0,7,0.105
C00232,29,145753,674,43,Platinum,direct mail,29740,3218.52,0.596,0.598,0,8,0.068
C00233,58,87498,634,21,Gold,Branch,10354,998.75,0.417,0.694,0,9,0.02
C00234,34,28000,731,43,Classic,Direct Mail,5726,478.39,0.296,0.752,0,8,0.029
C00235,53,34890,713,56,Classic,digital,5442,579.75,0.368,0.752,0,6,0.128
C00236,21,41461,683,14,Classic,Partner,5914,340.46,0.45,0.576,0,7,0.089
C00237,50,40173,654,82,Classic,Branch,3653,319.25,0.405,0.648,0,7,0.094
C00238,41,77490,570,19,Classic,Partner,4677,625.34,0.398,0.417,0,5,0.236
C00239,71,115655,690,52,Platinum,Partner,22465,2394.8,0.552,0.843,0,7,0.131
C00240,44,84271,749,75,platinum,Partner,21614,2468.94,0.521,0.826,0,3,0.353
C00241,34,92362,704,48,Gold,Branch,13706,1889.06,0.206,0.705,0,8,0.091
C00242,28,34511,659,23, Classic,Partner,2644,925.44,0.376,0.643,0,8,0.057
C00243,36,38074,608,106,Classic,Branch,1373,422.47,0.377,0.661,0,5,0.211
C00244,33,171578,730,45,Platinum,Partner,37381,4297.72,0.276,0.747,0,8,0.095
C00245,46,143295,612,21,Platinum,Partner,26908,3081.68,0.4,0.749,0,6,0.202
C00246,58,35057,630,31,Classic,Direct Mail,4885,413.78,0.439,0.726,0,6,0.169
C00247,49,28265,667,11,Classic,Digital,3640,449.52,0.516,0.809,0,7,0.133
C00248,30,38291,671,31,Classic,Digital,2448,417.09,0.57,0.837,0,9,0.02
C00249,32,75368,692,74,Gold,Digital,10797,1498.99,0.356,0.752,0,8,0.059
C00250,21,66785,692,8,Gold,Direct Mail,9621,1294.37,0.325,0.962,0,8,0.073
C00251,48,57342,740,43,Gold,Direct Mail,11348,1364.82,0.307,0.977,0,8,0.022
C00252,42,74627,609,13,Classic,Direct Mail,2310,289.34,0.349,0.73,0,6,0.226
C00253,25,60637,705,38,Gold,Digital,7491,242.24,0.281,0.73,0,8,0.133
C00254,37,168943,680,25,Platinum,Branch,33939,3922.69,0.334,0.733,0,7,0.104
C00255,34,68649,679,3,Classic,Digital,5943,373.49,0.437,0.674,0,8,0.109
C00256,21,44675,652,11,Classic,Digital,3908,634.55,0.275,0.805,0,7,0.146
C00257,55,61325,764,28,Classic,Direct Mail,11371,1335.03,0.244,0.95,0,7,0.118
C00258,37,62098,698,14,Classic,Digital,6592,971.68,0.358,0.819,0,10,0.02
C00259,38,67723,682,44,Gold,Branch,8938,851.76,0.261,1.0,0,6,0.238
C00260,35,28000,694,28,Classic,Digital,4588,683.3,0.294,0.894,0,9,0.02
C00261,39,102146,662,5,Gold,Digital,11571,1091.46,0.346,0.885,0,6,0.181
C00262,39,69661,732,43,gold,Partner ,8221,902.35,0.374,0.865,0,8,0.062
C00263,47,114625,694,11,Platinum,Branch,22971,2450.46,0.585,0.666,0,8,0.093
C00264,21,72130,684,15,Gold,Branch,12903,1123.53,0.368,0.749,0,4,0.296
C00265,43,102878,724,9,Platinum,Digital,21908,2280.32,0.53,0.785,0,7,0.158
C00266,41,59697,778,55,Gold,Partner,14686,1837.87,0.337,0.883,0,6,0.179
C00267,37,48078,768,45,Gold,Branch,11019,990.75,0.406,0.898,0,7,0.144
C00268,50,92033,679,111,Classic,Branch,10024,1317.99,0.419,0.698,0,5,0.2
C00269,54,71221,745,65, Gold,Digital,9090,666.33,0.347,0.879,0,10,0.02
C00270,44,62859,649,33,Classic,Partner,6392,778.06,0.63,0.71,0,4,0.285
C00271,36,131540,621,36,Gold,Branch,15346,1626.67,0.517,0.614,0,8,0.078
C00272,24,65298,678,32,Gold,Digital,8678,764.54,0.309,0.788,0,8,0.157
C00273,42,225880,715,53,Classic,Partner,16199,1956.73,0.329,0.851,0,6,0.153
C00274,46,66917,689,23,Gold,Partner,9488,1257.72,0.348,0.797,0,6,0.17
C00275,45,28000,698,63,Classic,Direct Mail,3560,753.5,0.46,0.79,0,7,0.115
C00276,46,112386,717,17,Platinum,Digital,23941,2687.75,0.4,0.846,0,6,0.17
C00277,51,59811,663,71,Classic,Direct Mail,2520,247.17,0.446,0.644,0,7,0.13
C00278,38,113086,733,14,Platinum,Branch,24556,2360.31,0.505,0.847,0,9,0.02
C00279,51,165214,622,46,Platinum,Partner,31911,3669.12,0.55,0.592,0,8,0.02
C00280,38,143770,665,75,Platinum,Partner,31140,3199.54,0.328,0.784,0,9,0.02
C00281,47,46980,757,39,Gold,Digital,10702,1224.32,0.368,0.86,0,10,0.02
C00282,31,42847,626,19,Classic, Digital,3493,150,0.582,0.637,0,7,0.088
C00283,30,92398,693,91,Gold,Branch,11754,1172.94,0.415,0.779,0,7,0.097
C00284,42,70370,669,39,Gold,PARTNER,11483,1145.32,0.363,0.844,0,6,0.142
C00285,40,49204,762,44,Gold,Direct Mail ,10885,492.02,0.258,0.905,0,5,0.265
C00286,38,111603,629,19,Gold,partner,15257,1679.71,0.413,0.79,0,9,0.02
C00287,37,56145,663,83,Classic,Branch,3550,455.87,0.581,0.791,0,4,0.3
C00288,32,47411,643,55,Classic,Digital,4468,467.29,0.458,0.828,0,7,0.051
C00289,36,100424,689,29,Gold ,Digital,10605,1460.11,0.428,0.719,0,6,0.126
C00290,30,65793,712,54,Gold,Digital,9665,779.68,0.376,0.68,0,7,0.187
C00291,32,70091,576,65,Classic,DIGITAL,3229,587.76,0.422,0.624,0,6,0.154
C00292,54,100379,674,41,Gold,Partner ,13922,1709.61,0.503,0.679,0,5,0.198
C00293,27,152795,652,44,Platinum,Digital,30366,3355.01,0.486,0.749,0,8,0.072
C00294,35,48119,642,101,Classic,Partner,1000,150,0.547,0.708,0,8,0.085
C00295,38,113751,722,20,Classic,Branch,13379,1410.42,0.478,0.856,0,8,0.067
C00296,34,112428,739,41,Platinum,Branch,24741,2544.39,0.358,0.887,0,6,0.173
C00297,38,116333,713,38,Platinum,Partner,24312,2865.3,0.22,0.89,0,9,0.02
C00298,45,58029,692,8,Gold,Partner,7374,512.16,0.425,0.787,0,8,0.156
C00299,31,56804,672,50,Classic,Direct Mail,6770,310.74,0.392,0.755,0,7,0.085
C00300,26,51526,725,73,Gold,Direct Mail,9697,853.33,0.292,0.829,0,8,0.1
C00301,47,41882,673,58,Classic,Partner,5227,366.26,0.396,0.8,0,7,0.098
C00302,62,73467,646,97,Gold,Partner,11510,1488.56,0.308,0.648,0,6,0.16
C00303,21,53227,723,17,Gold,PARTNER,10063,1360.83,0.246,0.794,0,7,0.097
C00304,44,56595,674,18,Classic,Direct Mail,5780,668.12,0.434,0.855,0,9,0.02
C00305,25,96903,757,18,Gold,Partner,18064,1829.5,0.184,0.977,0,8,0.04
C00306,30,97516,636,14,Gold,Partner,10141,1192.02,0.76,0.499,0,8,0.098
C00307,31,82402,671,48,Gold,Direct Mail,10022,1810.52,0.397,0.733,0,9,0.02
C00308,58,108367,796,11,Platinum,Digital,25398,2659.97,0.33,0.946,0,8,0.057
C00309,42,36861,594,40,Classic,Partner,2393,778.31,0.341,0.718,0,8,0.086
C00310,37,112704,686,23,Platinum,Branch,26518,2397.05,0.549,0.834,0,8,0.041
C00311,57,42854,649,31,Classic,Digital,4220,938.28,0.325,0.697,0,9,0.02
C00312,29,56672,598,93,Classic,Digital,4960,1036.43,0.553,0.699,0,8,0.036
C00313,22,47515,680,45,Classic, Partner,3701,794.23,0.284,0.667,0,5,0.215
C00314,31,60615,615,31,Classic,Branch,1000,271.54,0.49,0.666,0,6,0.158
C00315,54,36393,520,22,Classic,Digital,1000,150,0.396,0.549,1,8,0.076
C00316,22,82608,731,17,Classic,Digital,10550,1273.98,0.519,0.983,0,6,0.145
C00317,28,62210,696,15,Gold,Branch,7314,666.87,0.385,0.774,0,7,0.153
C00318,43,36048,594,34,Classic, Branch,1000,194.64,0.548,0.524,1,8,0.099
C00319,49,100596,799,64,Classic,Digital,12108,1312.74,0.268,1.0,0,8,0.056
C00320,50,121428,686,21,Platinum,Branch,24327,2680.91,0.332,0.79,0,9,0.044
C00321,42,46385,686,16,Classic,Digital,5937,715.5,0.719,0.662,0,9,0.02
C00322,53,80409,587,31,Classic,Direct Mail,3525,536.92,0.792,0.615,0,7,0.072
C00323,36,122088,736,45,Platinum,Direct Mail,27002,3105.72,0.214,0.832,0,6,0.185
C00324,36,67396,626,58,Classic,Digital,3537,636.76,0.499,0.665,0,5,0.215
C00325,44,53983,683,32,Classic,Partner,5042,390.48,0.554,0.891,0,8,0.021
C00326,33,45937,689,43,Classic,Partner,8002,1167.1,0.412,0.828,0,8,0.079
C00327,61,106440,781,38,Platinum,Partner,24318,3014.25,0.123,0.891,0,4,0.28
C00328,52,79401,700,15,Gold,Partner,11582,1485.01,0.534,0.779,0,8,0.056
C00329,35,37652,691,43,CLASSIC,Direct Mail,5283,290.5,0.388,0.818,0,6,0.155
C00330,32,80168,647,44,Gold,Branch,12371,1126.76,0.537,0.737,0,8,0.032
C00331,28,85294,736,64,Gold,Direct Mail,15654,1715.78,0.313,0.798,0,8,0.058
C00332,42,58893,683,26,Gold,Partner,9280,756.4,0.533,0.748,0,7,0.202
C00333,55,33041,737,5,Classic,Branch,4844,298.71,0.53,0.679,0,6,0.242
C00334,52,63949,679,96,Gold,Direct Mail,13267,1410.19,0.27,0.854,0,6,0.194
C00335,33,45925,693,6,Classic,Branch,5671,639.82,0.49,0.897,0,6,0.244
C00336,40,58272,643,36,Classic,Branch,6685,654.17,0.333,0.695,1,9,0.02
C00337,40,49234,667,39,Classic,Branch ,3324,150,0.45,0.745,0,8,0.067
C00338,49,107465,689,26,Platinum,Digital,25096,2538.01,0.381,0.797,0,7,0.097
C00339,55,57733,566,73,Classic,Digital,2286,1012.08,0.456,0.654,0,9,0.02
C00340,45,219356,707,35,Gold,Direct Mail,30164,3544.69,0.367,0.716,0,7,0.102
C00341,42,72141,688,44,Classic,Direct Mail,5642,483.65,0.475,0.841,0,9,0.02
C00342,53,73051,648,61,Gold,Digital,6852,595.68,0.278,0.68,0,5,0.308
C00343,42,129661,682,54,Platinum,Branch,24054,2997.88,0.358,0.836,0,6,0.193
C00344,50,64252,779,68,GOLD,Partner,12597,1837.48,0.178,0.985,0,8,0.038
C00345,65,42560,663,16,CLASSIC,Branch,4324,434.9,0.267,0.759,1,,0.02
C00346,23,69790,632,128,Classic,Direct Mail,5696,819.16,0.682,0.677,0,7,0.069
C00347,48,165407,663,34,Platinum,Digital,32543,3389.49,0.336,0.765,0,6,0.155
C00348,38,59084,719,52,Gold,Branch,11803,1088.11,0.447,0.853,0,9,0.022
C00349,38,60330,658,20,Classic,Partner,5363,635.17,0.54,0.792,0,7,0.089
C00350,21,86063,664,35,Gold,Direct Mail,8801,995.2,0.395,0.862,0,,0.254
C00351,55,57823,703,65,Gold,Digital,9686,763.64,0.501,0.875,0,7,0.176
C00352,37,80408,709,43,Gold,Partner,12461,1768.53,0.379,0.836,0,7,0.1
C00353,21,162104,795,32,Classic,Partner,16334,2170.53,0.287,0.989,0,9,0.02
C00354,30,53283,662,19,Classic,Partner,3274,463.18,0.244,0.782,0,5,0.239
C00355,43,84870,698,8,Gold,Partner,15225,1835.67,0.304,0.756,0,6,0.185
C00356,58,70213,668,52,Gold,Partner ,9733,1173.11,0.438,0.769,0,8,0.037
C00357,49,145959,634,79,Platinum,Branch,30427,3223.84,0.277,0.603,0,7,0.106
C00358,61,51127,717,30,Classic,Digital,8044,829.02,0.345,0.859,0,8,0.066
C00359,39,75846,623,61,Classic,Direct Mail,3219,331.49,0.352,0.511,0,6,0.129
C00360,34,36915,571,26,Classic,Partner,3388,267.91,0.632,0.615,0,7,0.119
C00361,42,84846,654,54,Gold,Digital,9852,1410.99,0.524,0.697,0,10,0.02
C00362,22,79268,647,62,Gold,Digital,7577,1096.27,0.382,0.633,0,6,0.167
C00363,49,80748,663,30,Gold,Digital,12134,1367.2,0.383,0.766,0,7,0.143
C00364,35,112034,659,39,Gold,Direct Mail,14691,1776.74,0.452,0.687,0,8,0.02
C00365,39,71699,694,65,Classic,direct mail,6760,275.32,0.326,0.872,0,7,0.156
C00366,31,58663,793,22,Gold,Digital,12753,1270.84,0.205,0.878,0,8,0.077
C00367,43,53595,652,20,Classic,Digital,5180,582.34,0.486,0.684,0,9,0.02
C00368,34,130099,783,36,Platinum,Branch,29074,2859.16,0.162,0.878,0,7,0.081
C00369,41,72837,712,82,Classic,DIGITAL,8510,1263.56,0.406,0.761,0,7,0.096
C00370,35,62073,693,37,Gold,digital,9889,1266.79,0.35,0.76,0,,0.183
C00371,35,57192,636,56,Classic,Digital,3643,668.92,0.458,0.734,0,5,0.189
C00372,32,92560,823,124,Platinum,Digital,25773,2605.15,0.115,0.834,0,8,0.063
C00373,42,77327,575,34,Classic,Digital,1381,352.73,0.389,0.623,0,7,0.08
C00374,46,82495,808,46,Platinum,DIGITAL,22259,2556.12,0.259,0.916,0,7,0.121
C00375,42,98403,711,27,Classic,Digital,12520,1691.53,0.186,0.797,0,8,0.092
C00376,21,114425,634,23,Gold,Branch,12568,1330.37,0.534,0.686,0,6,0.166
C00377,21,51060,620,30,Classic,Partner,3416,744.08,0.433,0.718,0,,0.02
C00378,41,104290,782,49,Classic,branch,13151,1665.66,0.14,0.876,0,6,0.157
C00379,37,97451,747,39,Platinum,Digital,24170,2964.59,0.618,0.804,0,10,0.02
C00380,54,155840,723,55,platinum,Partner,35714,3548.8,0.336,0.926,0,8,0.02
C00381,42,44046,645,89,Classic,Branch,1000,150,0.416,0.77,0,7,0.141
C00382,38,122038,623,44,Gold,Branch,14236,1864.11,0.487,0.688,0,8,0.099
C00383,61,35295,751,42,Gold,Direct Mail,7034,672.03,0.343,0.89,0,5,0.29
C00384,43,78476,699,100,Gold,Digital,12709,1347.91,0.256,0.782,0,9,0.02
C00385,31,135745,725,71,Platinum,Digital,30365,3131.41,0.318,1.0,0,8,0.02
C00386,55,95672,652,35, Gold,Digital,11005,1527.26,0.401,0.693,0,8,0.063
C00387,49,34174,656,10,Classic,Branch ,4232,192.49,0.413,0.767,0,10,0.02
C00388,41,31603,741,24,Classic,Partner,6911,966.6,0.366,0.822,0,10,0.02
C00389,21,96972,598,115,Classic,Digital,4883,718.28,0.433,0.659,1,6,0.232
C00390,38,70982,667,57,GOLD,Digital,11620,1415.04,0.607,0.588,0,10,0.02
C00391,44,57607,699,119,Gold,Digital,5960,545.97,0.342,0.758,0,8,0.154
C00392,45,41711,546,19,Classic,Direct Mail,1000,150,0.76,0.576,1,8,0.065
C00393,29,122757,706,22,Platinum,Digital,27497,3027.26,0.354,0.597,0,7,0.102
C00394,25,202732,701,132,Platinum,DIGITAL,40000,4360.74,0.564,0.984,0,6,0.136
C00395,34,62281,669,180,Gold,Branch,8888,824.16,0.554,0.734,0,9,0.035
C00396,38,38898,622,105,Classic,Digital,1663,184.8,0.431,0.693,0,6,0.145
C00397,52,76822,716,29,Gold,Digital,11425,1278.17,0.384,0.85,0,7,0.095
C00398,47,66013,725,35,Gold,Digital,10113,809.09,0.292,0.86,0,5,0.246
C00399,36,115083,697,59,Gold,Digital,16459,1723.17,0.252,0.888,0,4,0.294
C00400,47,84337,689,29,Gold,Partner,16166,1519.16,0.478,0.879,0,7,0.102
C00401,36,38670,789,34,Gold, Digital,10589,998.15,0.404,0.923,0,8,0.067
C00402,55,69720,649,76,Gold,Branch,8724,1161.88,0.305,0.761,0,8,0.092
C00403,52,76172,666,77,Gold,Digital,10850,1257.86,0.55,0.789,0,6,0.179
C00404,21,202897,648,39,Platinum,DIGITAL,38792,4213.53,0.415,0.66,0,5,0.166
C00405,34,56044,692,35,Gold,Branch,7674,851.26,0.344,0.662,0,8,0.139
C00406,56,98212,634,40,gold,Branch,10040,1415.75,0.517,0.593,0,7,0.113
C00407,48,167424,649,28,platinum,Digital,32491,3774.69,0.426,0.82,0,8,0.048
C00408,39,198030,704,73,Gold,Digital,28398,3246.51,0.222,0.821,0,7,0.146
C00409,55,46785,643,19,Classic,Direct Mail,1753,377.84,0.468,0.62,0,6,0.198
C00410,52,40978,727,13,Gold,Partner,5839,275.26,0.356,0.883,0,6,0.298
C00411,46,121537,706,41,Platinum,Digital,27982,3015.35,0.434,0.835,0,8,0.08
C00412,42,63246,629,23,Classic,Digital,3801,484.21,0.617,0.737,0,8,0.07
C00413,50,147622,705,25,Platinum,DIRECT MAIL,30877,3410.37,0.293,0.721,0,8,0.027
C00414,27,96779,643,25,Gold,Branch,16021,1826.02,0.28,0.707,0,9,0.02
C00415,41,127182,716,47,Platinum,Branch,26757,2643.36,0.364,0.937,1,9,0.031
C00416,28,28000,671,63,Classic,Digital,2610,894.89,0.547,0.819,0,10,0.02
C00417,55,40940,657,38,Classic,Branch,1882,161.55,0.488,0.721,0,10,0.02
C00418,41,95714,669,9,Gold,Branch,14508,2097.86,0.42,0.714,0,8,0.059
C00419,46,47574,745,43,Gold,Digital,5355,576.91,0.237,0.953,0,6,0.209
C00420,32,60868,607,49,classic,Digital,2334,169.05,0.409,0.638,0,6,0.175
C00421,42,58864,602,46,Classic,Digital,2216,343.93,0.745,0.781,0,8,0.097
C00422,49,52713,667,76,Classic,Branch ,5368,987.36,0.307,0.764,0,7,0.128
C00423,42,73478,700,46,Classic,Digital,6486,720.86,0.357,0.797,0,7,0.111
C00424,43,74162,700,29,Gold,Digital ,13351,1267.62,0.278,0.809,0,8,0.07
C00425,67,65838,601,28,Classic,Direct Mail,1885,389.95,0.727,0.649,0,6,0.153
C00426,21,28000,640,43,Classic,Direct Mail,1000,150,0.671,0.777,0,7,0.112
C00427,63,66741,758,74,Classic,Branch,11477,1489.99,0.284,0.79,0,9,0.02
C00428,27,77311,680,28,GOLD,Partner,13031,903.64,0.406,0.825,0,6,0.18
C00429,39,53241,610,99,Classic, Direct Mail,4818,466.65,0.395,0.548,1,7,0.099
C00430,41,37706,776,52,Classic,Digital,8936,899.58,0.242,0.724,0,9,0.02
C00431,51,202859,755,25,Classic,Direct Mail,19013,2448.17,0.161,0.74,0,7,0.114
C00432,42,28000,684,11,Classic,Digital,3363,500.79,0.507,0.898,0,6,0.181
C00433,52,47320,670,11,Classic,Digital,4425,637.0,0.487,0.581,1,8,0.082
C00434,44,84253,698,26,Gold,Partner,13133,1289.32,0.414,0.919,0,6,0.137
C00435,65,109532,725,28,Platinum,Direct Mail,24892,2544.05,0.257,0.958,0,7,0.103
C00436,53,85161,717,10,Gold,Digital,12069,1432.77,0.218,0.924,0,10,0.02
C00437,29,65875,766,74,Gold, Branch,10428,1269.62,0.365,0.968,0,9,0.02
C00438,21,47201,647,57,Classic,Partner,5208,757.69,0.682,0.689,0,6,0.169
C00439,46,46236,644,30,Classic,PARTNER,2895,467.28,0.4,0.871,1,8,0.033
C00440,21,90035,679,72,Gold,Branch,15427,1978.86,0.46,0.659,0,5,0.178
C00441,35,89866,731,20,Classic,Direct Mail,12459,1187.13,0.409,0.853,0,8,0.056
C00442,38,111080,614,50,Gold,Direct Mail,13128,1684.92,0.503,0.61,0,7,0.126
C00443,22,48690,701,75,Classic,Digital,1689,401.4,0.456,0.787,0,7,0.065
C00444,36,55542,668,38,Classic,Digital,5756,463.56,0.643,0.572,0,8,0.057
C00445,57,59654,759,50,Gold,Direct Mail,13503,1074.8,0.537,0.812,0,8,0.02
C00446,48,28000,784,14,Gold,Digital,6208,293.31,0.364,0.748,0,7,0.209
C00447,48,58904,629,21,Classic,Partner,5212,781.85,0.455,0.686,0,8,0.02
C00448,50,83616,710,137,Gold,Partner,16283,1546.09,0.237,0.903,0,5,0.211
C00449,48,67068,630,114,Classic,Branch,4222,398.55,0.626,0.717,0,6,0.169
C00450,22,29615,613,9,Classic,Branch,1000,579.03,0.422,0.752,0,7,0.145
C00451,41,33828,669,23,Classic,Digital,1630,292.74,0.439,0.82,0,9,0.02
C00452,43,48297,722,31,Gold, Partner,10137,1107.51,0.393,0.773,0,4,0.27
C00453,36,66829,729,74,Gold,Digital,9472,917.17,0.242,0.889,0,9,0.037
C00454,43,81044,630,22,Gold,Direct Mail,9636,1156.1,0.443,0.712,1,8,0.048
C00455,38,95207,721,28,Gold,Partner,16869,1738.74,0.424,0.918,0,8,0.069
C00456,27,39572,656,46,Classic,Branch,4847,880.92,0.376,0.903,0,,0.278
C00457,29,57973,679,16,Classic,Digital,5846,800.64,0.475,0.838,0,8,0.072
C00458,31,66876,642,82,Classic,Digital,4537,637.5,0.341,0.831,0,8,0.022
C00459,37,92116,619,78,Gold,Direct Mail,12724,1297.16,0.383,0.696,0,8,0.033
C00460,45,82936,664,47,Gold,Partner ,10466,1074.5,0.447,0.855,0,9,0.02
C00461,21,55726,709,41,Gold,Digital,11647,1132.59,0.211,0.851,0,6,0.169
C00462,21,77975,688,51,GOLD,Partner,12569,1282.17,0.303,0.902,0,8,0.043
C00463,43,28000,643,11,Classic,Partner,1007,150,0.35,0.793,0,9,0.02
C00464,36,175717,735,44,Platinum,Digital,36168,4001.61,0.536,0.725,0,8,0.084
C00465,50,36583,756,47,Gold,Branch,7530,749.06,0.167,0.916,0,10,0.068
C00466,37,87966,572,78,Classic,Branch,4916,677.31,0.728,0.624,0,8,0.057
C00467,39,44225,669,102,Classic,Partner,1294,486.1,0.317,0.746,0,10,0.02
C00468,40,85623,626,16,Gold,Branch,9480,1435.91,0.445,0.701,1,7,0.089
C00469,48,87361,768,18,Platinum,Branch ,22438,2053.78,0.302,0.855,0,9,0.02
C00470,46,62328,659,32,Classic,Partner,3949,1125.37,0.428,0.721,0,6,0.142
C00471,27,61776,579,34,Classic,Digital,1000,150,0.498,0.766,0,8,0.02
C00472,31,110917,631,9,Gold,Direct Mail,13953,1799.29,0.433,0.718,0,5,0.216
C00473,52,47152,738,36,Gold,Branch,9935,583.82,0.263,0.906,0,7,0.202
C00474,41,47278,632,25,CLASSIC,Digital,4561,359.18,0.388,0.613,0,5,0.159
C00475,29,101535,771,18,Platinum,Digital,23142,2676.58,0.315,0.991,0,7,0.127
C00476,57,84480,746,5,Platinum,Digital,17786,2267.81,0.274,0.851,0,8,0.076
C00477,30,74916,669,65,Gold,Direct Mail,9396,1335.37,0.563,0.719,0,9,0.02
C00478,60,30155,640,34,Classic,Digital,1762,366.3,0.674,0.706,1,7,0.072
C00479,38,104972,647,41,Gold,Branch,16079,1667.94,0.4,0.699,0,8,0.059
C00480,50,28000,629,80,Classic,Partner,2952,155.43,0.389,0.662,0,9,0.02
C00481,51,62305,671,29,Gold,Digital,7770,671.79,0.629,0.696,0,8,0.132
C00482,33,77399,723,34,Gold,Partner,17643,2063.89,0.229,0.584,1,9,0.02
C00483,52,76950,736,20,Gold,Digital,10493,1691.06,0.366,0.915,0,5,0.219
C00484,31,71466,707,29,Gold,Digital,9539,1073.0,0.301,0.883,0,7,0.098
C00485,38,60133,546,52,Classic,Digital,1005,150,0.523,0.406,1,10,0.02
C00486,66,105706,645,55,Gold ,Direct Mail,13892,1562.29,0.434,0.754,0,8,0.052
C00487,44,66033,663,71,Gold,Partner,8653,1046.36,0.475,0.735,0,6,0.156
C00488,27,49704,718,16,Gold,Digital,6159,569.67,0.266,0.892,0,7,0.208
C00489,26,91236,652,29,Gold,Digital,10821,1312.53,0.344,0.909,0,,0.23
C00490,49,52317,640,72,Classic,Digital,3131,285.38,0.535,0.747,0,9,0.02
C00491,43,121672,683,30,Platinum,Partner,26126,3039.42,0.286,0.655,0,5,0.2
C00492,40,45366,739,48,Classic, Direct Mail,7680,363.91,0.225,0.839,0,7,0.146
C00493,48,138172,710,11,Platinum,Digital,27556,3166.33,0.458,0.828,0,8,0.043
C00494,39,84699,774,55,Platinum,Digital,21289,2361.38,0.361,0.898,0,7,0.133
C00495,27,70067,815,12,Platinum,Direct Mail,17384,1552.02,0.217,0.996,0,7,0.096
C00496,40,52488,687,108,Classic,Direct Mail,2350,491.31,0.576,0.618,0,8,0.07
C00497,30,55014,702,37,Gold,Partner,12006,1029.96,0.233,0.773,0,8,0.058
C00498,31,73148,712,31,Gold,Digital,12514,1414.91,0.488,0.782,0,7,0.131
C00499,41,103454,636,19,Gold,Branch,14108,2060.05,0.546,0.732,0,8,0.092
C00500,50,126596,715,42,Platinum,Partner ,26832,3055.45,0.562,0.739,0,4,0.263
C00501,65,53903,649,28,Classic,Branch,6203,326.02,0.325,0.775,0,8,0.056
C00502,45,48215,706,41,Gold,Direct Mail,10369,1155.44,0.344,0.78,0,5,0.196
C00503,53,77463,568,19,Classic,Digital,3807,529.99,0.523,0.595,0,7,0.147
C00504,73,67861,689,17,Gold,Digital,7803,735.22,0.483,0.771,0,7,0.196
C00505,21,39415,667,38,CLASSIC,Digital,3504,1067.98,0.327,0.772,0,,0.046
C00506,21,73213,665,55,Gold,Digital,10138,1150.54,0.489,0.696,0,,0.087
C00507,44,38833,728,58,Classic,Branch ,2953,440.18,0.246,0.855,0,8,0.042
C00508,48,37826,573,43,Classic,Digital,1629,308.72,0.512,0.459,0,9,0.02
C00509,40,46531,588,26,Classic,Digital,1059,532.93,0.575,0.545,0,,0.228
C00510,25,135370,695,5,Classic,Branch,14209,1671.67,0.582,0.724,0,7,0.12
C00511,45,69362,726,110,Gold,Partner,11311,1067.31,0.489,0.837,0,9,0.02
C00512,32,72709,640,22,Gold,Partner,6280,799.66,0.649,0.586,0,8,0.145
C00513,45,103539,811,23,Classic,Digital,12235,1680.83,0.283,1.0,0,8,0.044
C00514,34,90540,651,20,Gold,Digital,11932,1209.14,0.421,0.619,0,8,0.068
C00515,21,79491,667,40,Gold,Digital,13038,1510.3,0.419,0.88,1,6,0.144
C00516,32,71011,656,74,Classic,Digital,5780,253.31,0.669,0.748,0,9,0.02
C00517,40,99130,691,54,Gold,Digital,17689,1821.49,0.387,0.776,0,7,0.145
C00518,55,89071,602,61,Gold,Direct Mail,7891,1336.04,0.32,0.492,1,8,0.084
C00519,54,115260,698,66,Classic,Digital,11235,1551.13,0.4,0.719,0,6,0.16
C00520,21,44124,579,30,Classic,Digital,1000,150,0.51,0.676,0,,0.172
C00521,45,72957,724,29,Gold,Digital,12782,1225.34,0.404,0.842,0,9,0.02
C00522,50,130677,737,24,Platinum,Branch,28889,3223.94,0.322,0.708,0,6,0.224
C00523,21,53772,608,47,Classic,Direct Mail,1768,533.41,0.532,0.701,0,7,0.098
C00524,40,154635,672,150,Platinum,Digital,31310,2761.92,0.335,0.687,0,8,0.072
C00525,37,64258,668,33,Gold,Digital,9322,940.86,0.401,0.734,0,6,0.156
C00526,31,52980,749,113,Gold ,Partner,10055,1691.44,0.386,0.938,0,10,0.02
C00527,51,117877,719,91,Platinum,Direct Mail,26625,2867.96,0.314,0.882,0,9,0.02
C00528,37,82736,684,31,Gold,Digital,12005,1360.95,0.453,0.67,0,9,0.02
C00529,21,110260,725,94,Platinum,Direct Mail,27118,2903.83,0.225,0.735,0,8,0.072
C00530,55,46137,764,44,Gold,Branch,13537,1146.73,0.402,0.903,0,9,0.02
C00531,35,46942,641,37,Classic,Digital,2540,836.57,0.372,0.79,0,8,0.057
C00532,46,49862,689,33,Classic,Partner,5481,543.55,0.314,0.766,0,6,0.167
C00533,25,78889,683,35,Gold,Digital,13590,1632.63,0.359,0.701,0,9,0.02
C00534,35,112884,761,5, Platinum,Direct Mail,25501,2589.95,0.195,0.867,0,9,0.084
C00535,59,88869,658,29,Gold,Partner ,8872,1229.72,0.347,0.834,0,8,0.045
C00536,44,68096,666,22,Gold,Digital,9114,1233.94,0.361,0.781,0,8,0.068
C00537,49,75672,698,18,Gold,Partner,9639,911.61,0.536,0.842,0,9,0.02
C00538,22,75922,609,28,Classic,Partner,1453,606.28,0.594,0.489,1,6,0.157
C00539,75,114807,645,7,Gold,Digital,14200,1482.81,0.321,0.616,0,8,0.085
C00540,28,54301,687,22,Classic,Partner,6849,924.24,0.437,0.676,0,8,0.062
C00541,44,46236,600,50,Classic,Digital,2774,271.95,0.534,0.727,0,7,0.072
C00542,53,99827,728,75,Platinum,Partner,22038,2154.35,0.211,0.921,0,5,0.224
C00543,47,62594,660,57,Classic, Digital,8097,858.49,0.591,0.721,0,7,0.09
C00544,49,78004,796,125,Classic,Branch,8400,925.78,0.185,1.0,0,9,0.02
C00545,24,66702,620,28,Classic,Digital,4774,639.89,0.411,0.663,1,5,0.208
C00546,42,103327,739,9,Platinum,Digital,23992,2998.22,0.396,0.742,0,6,0.174
C00547,56,54141,718,16,Gold,Branch,10971,1558.19,0.232,0.852,1,8,0.076
C00548,29,56678,683,17,Gold,Partner,7693,924.17,0.248,0.798,0,6,0.157
C00549,45,197173,742,11,Platinum,Branch,40000,4445.78,0.318,0.894,0,9,0.02
C00550,41,72519,588,75,classic,Direct Mail,5127,375.84,0.469,0.524,1,8,0.02
C00551,57,87571,639,31,Gold,Digital,10351,837.7,0.543,0.792,0,9,0.057
C00552,60,69701,675,87,Classic,Branch,4679,1138.03,0.322,0.868,0,9,0.02
C00553,53,105088,772,22,Platinum,Digital,26527,2581.24,0.491,0.82,0,7,0.079
C00554,39,83944,653,56,Gold,Digital,13337,1466.07,0.506,0.709,0,7,0.168
C00555,24,70183,591,32,Classic,Direct Mail,6615,786.54,0.493,0.606,0,9,0.02
C00556,34,53742,562,12,Classic,Partner,2117,413.78,0.554,0.595,0,6,0.14
C00557,31,80788,786,11,Platinum,Digital,20937,2458.59,0.417,0.992,0,8,0.038
C00558,46,64626,634,22,Classic,Digital,5147,445.42,0.315,0.735,1,6,0.171
C00559,34,74386,642,71,Classic,Branch,6531,725.47,0.542,0.737,1,8,0.02
C00560,52,55032,686,24,Gold,Branch,4798,150,0.462,0.782,0,8,0.149
C00561,31,67101,676,23,Gold,Digital,9201,1276.23,0.52,0.784,0,5,0.217
C00562,49,67312,759,82,Gold,Digital,12024,1052.67,0.244,0.87,0,8,0.085
C00563,44,101019,799,99,Platinum,Direct Mail,24192,2611.2,0.172,0.979,0,7,0.069
C00564,24,56337,648,11,Classic,Digital,3996,722.78,0.374,0.697,0,9,0.02
C00565,40,135953,678,25,Platinum,Digital,27817,3311.58,0.504,0.884,0,8,0.065
C00566,30,56891,579,7,Classic,Digital,2488,349.17,0.495,0.707,1,8,0.081
C00567,34,87479,688,50,Gold,Digital,13541,1182.26,0.443,0.846,0,7,0.091
C00568,51,58682,680,20,Gold,Direct Mail,5098,1100.72,0.448,0.84,0,8,0.037
C00569,52,83832,724,24,Gold,Branch,13122,1442.07,0.349,0.684,0,5,0.235
C00570,40,143415,805,90,Classic,Partner,13943,1163.69,0.256,0.814,0,9,0.02
C00571,53,80747,706,35,Gold,Direct Mail,10862,824.12,0.449,0.719,0,8,0.133
C00572,21,133290,780,14,Platinum,Digital,30504,3480.61,0.56,0.849,0,7,0.136
C00573,56,89905,730,8, Platinum,Branch,20421,1987.53,0.423,0.936,0,7,0.089
C00574,48,70690,611,62,Classic,Digital,6224,316.88,0.396,0.632,0,8,0.062
C00575,55,107263,695,70,Platinum,Digital,22617,2287.51,0.523,0.795,0,,0.144
C00576,41,48618,703,49,Classic, Direct Mail,8240,1001.57,0.559,0.816,0,6,0.178
C00577,66,45562,682,43,Classic,Digital,1625,150,0.302,0.729,0,7,0.09
C00578,37,54010,731,117,Gold,Partner,10557,784.47,0.338,0.73,0,6,0.209
C00579,43,33570,615,34,Classic,Partner,2788,150,0.543,0.636,0,9,0.02
C00580,24,80182,735,32,Gold,Digital,14528,2019.43,0.323,0.774,0,6,0.153
C00581,33,60594,701,82,Gold,Partner,8896,1187.25,0.386,0.91,0,10,0.02
C00582,29,35968,633,44,Classic,Digital,2308,150,0.395,0.784,2,9,0.052
C00583,33,76837,658,10,Classic,Digital,4666,794.32,0.336,0.743,1,6,0.158
C00584,38,75835,640,28,Gold,Digital,11655,1548.72,0.472,0.765,0,8,0.097
C00585,46,50939,670,15,Classic,Digital,5336,406.73,0.389,0.791,0,7,0.11
C00586,46,97185,644,49,Classic,Digital,6400,576.44,0.61,0.597,0,6,0.19
C00587,43,56575,641,26,Classic,Digital,3819,313.64,0.454,0.71,0,9,0.02
C00588,21,70578,728,55,Gold,Direct Mail,9844,1341.55,0.442,0.935,0,10,0.02
C00589,36,53136,797,47,Gold,Branch,10274,1109.77,0.12,0.814,0,6,0.16
C00590,37,41963,681,19,Classic,Branch,1563,299.32,0.563,0.737,0,8,0.057
C00591,32,56755,657,16,Classic,Partner,6384,150,0.582,0.762,0,7,0.129
C00592,37,108235,631,45,Gold,Digital,14572,1866.48,0.412,0.638,0,7,0.112
C00593,55,124576,616,30,Gold,Digital ,13076,2269.96,0.392,0.706,0,9,0.043
C00594,25,45394,705,9,Classic,Branch,3500,698.48,0.336,0.905,0,9,0.029
C00595,33,60412,743,34,Gold,Direct Mail,11210,1306.51,0.34,0.768,0,7,0.118
C00596,31,39047,668,18,Classic,Partner,5006,588.49,0.524,0.757,0,8,0.035
C00597,54,103830,739,74,Platinum,Direct Mail ,21873,2152.5,0.49,0.8,0,7,0.063
C00598,27,117008,835,10,Gold,Digital,20741,2120.94,0.468,0.911,0,6,0.187
C00599,45,28000,664,40,Classic,Digital,6891,394.15,0.269,0.776,0,7,0.12
C00600,33,58120,697,49,Gold, Direct Mail,9571,1008.79,0.604,0.863,0,8,0.032
C00601,56,97891,702,20,Classic,Branch,7578,956.62,0.449,0.733,0,10,0.02
C00602,36,162099,661,34,platinum,Partner,29717,3570.53,0.466,0.71,0,8,0.064
C00603,54,55980,740,31, Gold,Digital,12845,1116.75,0.455,0.798,0,6,0.145
C00604,48,31010,696,41,Classic,Partner,1000,673.56,0.393,0.851,0,7,0.119
C00605,50,71643,731,23,Gold,Branch,11091,1266.38,0.519,0.892,0,8,0.032
C00606,21,76007,713,82,Gold,Direct Mail,11555,939.24,0.46,0.635,0,8,0.03
C00607,61,53825,628,129,Classic,Partner,1952,425.53,0.345,0.65,0,7,0.135
C00608,27,92493,624,50,Classic,Direct Mail,5415,826.6,0.523,0.767,0,7,0.136
C00609,46,57565,717,39,Gold,Partner,8304,1512.8,0.581,1.0,0,6,0.202
C00610,49,98038,580,48,Gold,Digital,10284,1038.39,0.761,0.655,1,10,0.02
C00611,47,75808,692,8,Gold,Digital,12421,1121.34,0.351,0.651,0,4,0.299
C00612,21,68625,599,9,Classic,Branch,6539,782.42,0.6,0.717,0,8,0.082
C00613,26,85094,694,17,Gold,Digital,12657,1803.56,0.491,0.882,0,7,0.146
C00614,21,128148,599,37,Gold,Branch,14905,1916.44,0.371,0.679,0,8,0.031
C00615,44,39200,683,79,Classic,Partner,7631,909.88,0.394,0.703,0,7,0.115
C00616,37,66380,750,32,Classic,Partner,12394,1464.1,0.213,0.954,0,7,0.091
C00617,24,121124,647,25,Platinum,digital,24800,2304.27,0.349,0.656,0,5,0.212
C00618,32,52327,701,60,Gold,Branch,9416,863.92,0.216,0.776,0,9,0.069
C00619,47,55240,679,73,Classic,Digital,3193,171.79,0.558,0.824,0,10,0.02
C00620,27,51366,728,101,Gold,Branch,12043,883.01,0.266,0.842,0,9,0.088
C00621,56,117518,608,43,Gold,partner,12722,2029.69,0.6,0.598,0,9,0.02
C00622,40,29831,677,50,Classic,Digital,1000,259.18,0.318,0.894,0,6,0.174
C00623,39,88634,626,22,Gold,digital,9937,1066.81,0.526,0.672,0,8,0.044
C00624,48,107156,711,38,Platinum,Partner,22659,2993.4,0.31,0.8,0,10,0.02
C00625,56,47374,641,55,Classic,Digital,2041,805.05,0.327,0.717,0,7,0.116
C00626,37,75842,670,52,GOLD,Partner,5513,1057.75,0.412,0.77,0,5,0.228
C00627,43,60826,574,35,Classic,Branch,3242,458.87,0.481,0.542,0,7,0.099
C00628,23,79465,582,54,Classic,Digital,4960,357.94,0.431,0.479,0,8,0.038
C00629,54,93586,723,11,platinum,Direct Mail,19595,2117.36,0.505,0.795,0,8,0.079
C00630,29,54536,700,39,Gold,Partner,9691,1192.53,0.306,0.907,0,7,0.086
C00631,61,188448,717,67,Platinum,Branch,40000,3800.37,0.378,0.929,0,,0.02
C00632,38,47397,656,78,Classic,Partner,4615,486.94,0.48,0.756,0,8,0.023
C00633,28,215284,701,35,Platinum,Partner,40000,4744.06,0.372,0.838,0,7,0.128
C00634,44,75105,625,25,Classic,Digital,5480,584.86,0.385,0.835,0,8,0.059
C00635,41,92390,751,75,Platinum,Digital,18353,1865.69,0.228,0.891,0,8,0.046
C00636,35,75484,657,122,Gold,Partner,8720,1145.19,0.347,0.807,0,7,0.097
C00637,46,160089,669,34,PLATINUM,Branch,34613,3058.14,0.532,0.65,0,7,0.053
C00638,36,78526,749,32,Gold,Partner,18278,1943.35,0.295,1.0,0,8,0.044
C00639,40,93979,731,24,Platinum,Branch,19849,1839.43,0.428,0.778,0,6,0.168
C00640,49,165394,603,31,Platinum,Digital,31340,3513.88,0.399,0.704,0,8,0.052
C00641,52,111072,740,35, Platinum,Digital,24314,2635.44,0.238,1.0,0,9,0.02
C00642,35,159227,671,29,Platinum, Digital,32187,3662.07,0.276,0.785,0,7,0.116
C00643,21,41235,645,7,CLASSIC,Direct Mail,1000,595.9,0.669,0.803,0,4,0.355
C00644,33,113610,691,66,Classic,Branch,8750,1050.04,0.471,0.697,0,6,0.142
C00645,45,34751,739,9,Classic,Branch,3964,543.11,0.26,0.832,0,7,0.146
C00646,44,91082,657,10,Gold,Partner,9780,1007.86,0.411,0.65,0,6,0.166
C00647,28,124958,643,48,Platinum,Direct Mail,24764,2796.38,0.433,0.782,0,8,0.07
C00648,60,132225,569,37,Classic,Digital,6186,1090.52,0.459,0.689,0,6,0.218
C00649,33,62524,613,133,Classic,Direct Mail,5514,209.55,0.348,0.517,0,7,0.128
C00650,54,31250,633,37,Classic,Branch,3086,488.04,0.428,0.727,0,4,0.242
C00651,39,28000,741,30,Classic,Branch,9900,419.11,0.612,0.887,0,9,0.02
C00652,43,103695,791,48,Platinum,Digital,25000,2078.04,0.369,0.945,0,10,0.02
C00653,29,64228,736,36,Classic,Direct Mail,7689,632.68,0.269,0.709,0,6,0.157
C00654,43,95465,630,48,GOLD,Branch,13029,2035.99,0.359,0.577,1,7,0.105
C00655,47,49464,722,98,Gold,Digital ,4227,487.41,0.341,0.76,0,9,0.075
C00656,34,66844,736,66,Gold,Digital,12343,1235.12,0.513,0.666,0,8,0.022
C00657,44,43997,653,49,CLASSIC,Partner,2594,473.48,0.345,0.688,0,7,0.098
C00658,31,103557,665,60,Classic,Branch,6650,763.01,0.347,0.82,0,8,0.049
C00659,37,51889,648,65,Classic,Direct Mail,2002,344.57,0.583,0.821,0,6,0.164
C00660,34,159225,613,25,Platinum,Partner,29968,2997.78,0.75,0.752,0,7,0.091
C00661,39,48499,635,106,Classic,Branch,4789,719.96,0.691,0.736,1,7,0.081
C00662,37,67820,746,72,Gold,Digital,13345,1471.98,0.261,0.771,0,8,0.041
C00663,58,53606,696,37,Gold,Digital,9929,752.08,0.239,0.806,0,6,0.237
C00664,40,99841,655,54,Gold,Partner,14125,1545.93,0.36,0.625,0,5,0.249
C00665,66,62116,619,13,Classic,Digital,1037,150,0.512,0.881,0,9,0.02
C00666,35,72568,639,27,Classic,Digital,6505,818.76,0.435,0.704,0,5,0.182
C00667,54,78899,575,22,Classic,Digital,3892,712.8,0.613,0.58,1,7,0.111
C00668,48,67836,755,114,Gold,Partner,12746,1157.74,0.243,0.597,0,5,0.213
C00669,52,47253,678,51,Classic,Direct Mail,6870,705.86,0.318,0.72,0,6,0.153
C00670,64,45337,669,34,Classic,direct mail,2418,447.64,0.4,0.772,0,8,0.052
C00671,45,39832,624,25,Classic,Direct Mail,4779,303.57,0.633,0.582,1,6,0.167
C00672,46,57881,741,45,Classic,Digital,7751,696.38,0.344,0.822,1,6,0.185
C00673,49,79767,815,21,Gold,Partner,16381,1753.55,0.206,0.983,0,7,0.108
C00674,50,68800,731,86,Gold,Digital,12812,1670.38,0.42,0.72,0,6,0.193
C00675,21,83951,716,36,Gold,Digital,14691,1879.04,0.264,0.876,0,6,0.224
C00676,35,82539,614,123,Gold,Partner,7516,984.52,0.511,0.613,1,6,0.131
C00677,45,55819,744,44,Gold,Direct Mail,11182,1292.47,0.27,0.997,0,5,0.187
C00678,29,118240,701,26,Platinum,Digital,26460,3079.72,0.394,0.744,0,8,0.043
C00679,58,49276,733,113,Gold,Direct Mail,9091,733.97,0.294,0.94,0,7,0.198
C00680,60,36790,659,102,CLASSIC,Partner,3651,150,0.38,0.643,0,7,0.102
C00681,21,82202,627,160,Gold,Partner,10883,1554.1,0.406,0.716,0,6,0.173
C00682,41,43961,615,16,CLASSIC,Direct Mail,1000,350.5,0.347,0.642,0,9,0.02
C00683,59,109165,644,58,Gold,Digital,12497,1576.56,0.476,0.742,0,7,0.109
C00684,31,104986,717,4,classic,Branch,12005,1093.97,0.254,0.792,0,7,0.116
C00685,33,28133,608,45,Classic,Direct Mail,1842,411.17,0.509,0.704,0,,0.166
C00686,46,65553,700,45,Gold,Branch,11381,1231.6,0.487,0.848,0,7,0.143
C00687,56,107174,608,24,Gold,Digital,14227,1632.95,0.467,0.738,0,8,0.02
C00688,47,51485,651,39,Classic,Partner,4263,496.22,0.436,0.687,0,7,0.097
C00689,21,91339,672,72,Gold,Digital,12822,1951.02,0.418,0.774,0,8,0.033
C00690,52,30839,743,21,Classic,Digital,6082,585.06,0.378,0.859,0,6,0.118
C00691,52,51386,648,36,Classic,Digital,1000,150,0.706,0.694,0,8,0.036
C00692,55,88374,712,6,Gold,digital,14625,1595.41,0.361,0.808,0,8,0.094
C00693,34,58608,777,61,Gold,Partner,12752,1302.15,0.345,0.829,0,9,0.025
C00694,45,60871,666,64,Classic,Direct Mail,1000,300.19,0.252,0.733,0,5,0.213
C00695,48,82098,692,91,Gold,Direct Mail,16121,1692.76,0.45,0.705,0,6,0.17
C00696,46,77794,804,46,Classic,Direct Mail,10702,832.12,0.535,0.944,0,6,0.186
C00697,28,99663,682,10,Gold,Branch,15976,1867.79,0.36,0.637,0,8,0.096
C00698,30,38958,726,36,Classic,Direct Mail,8125,319.75,0.191,0.864,0,7,0.113
C00699,36,100512,798,32,Platinum,Direct Mail,22171,2695.66,0.424,0.854,0,6,0.155
C00700,57,78668,635,51,Gold,Direct Mail,10154,1168.26,0.363,0.659,0,5,0.198
C00701,24,101197,684,27,Classic,Partner,7067,1118.01,0.535,0.804,0,6,0.164
C00702,22,49005,654,32,Classic,Digital,1000,315.27,0.5,0.773,0,7,0.128
C00703,40,51600,689,8,Classic,Branch,5565,1015.26,0.294,0.684,0,7,0.154
C00704,31,49922,773,103,Classic,Digital,8204,764.23,0.279,0.975,0,4,0.294
C00705,50,55043,704,63,Gold,Partner ,8777,879.31,0.486,0.772,0,6,0.252
C00706,43,56456,670,46,Classic,Branch,4313,688.87,0.404,0.735,0,7,0.1
C00707,55,109468,614,39,Gold,Partner,12947,1307.8,0.619,0.682,0,10,0.02
C00708,32,219567,733,90,Gold,Direct Mail,31620,3722.17,0.234,0.781,0,7,0.116
C00709,44,107688,717,123,Platinum,Digital,24097,2073.08,0.42,0.706,0,10,0.02
C00710,40,69138,611,55,Classic,Partner,5889,835.29,0.311,0.612,1,8,0.043
C00711,32,105773,678,24,Gold,Digital,14739,1478.38,0.407,0.735,0,7,0.13
C00712,52,46826,692,65,Classic,Digital,5043,484.48,0.554,0.808,0,9,0.03
C00713,38,104326,535,40,Classic,Digital,3625,621.09,0.848,0.666,0,8,0.078
C00714,47,142229,660,9,Platinum,branch,29679,3200.84,0.542,0.69,0,8,0.122
C00715,38,70015,626,139,Classic, Branch,4657,957.85,0.522,0.864,0,8,0.06
C00716,59,78518,618,63,Classic,Partner,5735,1192.87,0.488,0.768,0,10,0.02
C00717,31,68812,685,35,Gold,Partner,7734,772.37,0.424,0.693,0,6,0.252
C00718,49,71997,734,51,Gold,Digital,8357,1051.87,0.25,0.898,0,10,0.02
C00719,53,98041,649,51,Gold,Digital,13460,1584.35,0.34,0.721,0,9,0.03
C00720,33,36646,593,110,Classic,Digital,2363,369.52,0.581,0.691,0,10,0.02
C00721,53,68344,558,6,Classic,Direct Mail,1323,831.59,0.649,0.516,1,3,0.373
C00722,51,224051,626,42,Platinum,Partner,40000,4812.9,0.562,0.748,0,7,0.097
C00723,26,75119,663,16,Gold,Partner,10358,711.54,0.271,0.708,0,6,0.276
C00724,43,34882,625,5,Classic,Branch,1000,416.4,0.571,0.649,0,6,0.218
C00725,36,91780,755,65,Platinum,Digital,20159,2544.74,0.222,0.802,0,5,0.214
C00726,60,60887,574,31,Classic,Direct Mail,2508,408.37,0.439,0.608,0,9,0.02
C00727,54,55627,658,106,Classic,Branch,3237,638.16,0.515,0.705,0,9,0.02
C00728,32,103520,666,33,Gold,Direct Mail,14090,1924.88,0.265,0.857,0,8,0.062
C00729,50,32313,584,12,Classic,Branch,1610,150,0.725,0.609,0,7,0.095
C00730,62,85201,720,18,Classic, Partner,7875,1014.87,0.342,0.677,0,10,0.02
C00731,53,89016,761,66,Classic,Branch,13349,1570.05,0.236,0.783,0,7,0.154
C00732,50,65287,696,26,Gold,Branch,12906,1247.81,0.289,0.959,0,6,0.216
C00733,52,93428,568,41,Classic,Direct Mail,5854,1586.28,0.452,0.69,0,8,0.067
C00734,46,72685,612,18,Classic,Digital,2858,726.9,0.536,0.573,0,6,0.214
C00735,66,84283,681,136,Classic,Digital,8082,692.31,0.521,0.762,0,10,0.02
C00736,30,81311,720,40,Gold,Branch,11979,1418.25,0.456,0.891,0,6,0.131
C00737,74,43326,722,24,Gold,Branch,8874,380.31,0.477,0.799,0,5,0.295
C00738,46,38672,730,21,Classic,Partner,4193,629.23,0.333,0.757,0,8,0.053
C00739,37,61615,672,27,Classic ,Direct Mail,2927,352.07,0.348,0.751,0,10,0.02
C00740,39,99035,666,59,Gold,Branch,14547,1718.49,0.506,0.754,0,10,0.02
C00741,44,59727,661,81,Classic,Digital,5208,364.67,0.5,0.782,0,4,0.297
C00742,35,141833,760,14,Platinum,DIGITAL,29423,3369.04,0.313,0.926,0,,0.02
C00743,36,62375,686,71,Gold,Digital,10161,1168.66,0.612,0.762,0,6,0.196
C00744,31,110004,699,50,Platinum,Digital,25399,2826.53,0.493,0.875,0,10,0.02
C00745,47,44348,605,35,CLASSIC,Digital,4591,373.53,0.466,0.57,1,7,0.108
C00746,34,131125,701,19,Platinum,Digital,30639,3164.02,0.415,0.755,0,,0.02
C00747,53,56092,732,72,Classic,Branch,8313,646.11,0.335,0.795,0,5,0.193
C00748,59,28000,729,18,Classic,Branch,6272,286.13,0.296,0.828,0,5,0.186
C00749,56,28000,738,76,Classic,Digital,6541,261.02,0.23,0.934,0,10,0.02
C00750,21,53281,698,46,Gold,Digital,8284,1009.18,0.38,0.709,0,7,0.076
C00751,58,60508,682,17,Gold,Direct Mail,10100,883.1,0.315,0.811,0,9,0.071
C00752,32,75802,815,57,Classic,Branch,11460,1316.49,0.172,0.951,0,7,0.121
C00753,49,64495,673,48,Gold,Branch,10494,937.02,0.294,0.619,0,8,0.048
C00754,30,77008,651,54,Gold,Digital,11775,1447.87,0.519,0.684,0,4,0.281
C00755,21,47037,673,28,Classic,Digital,1000,480.47,0.328,0.714,0,8,0.055
C00756,25,43230,720,25,Classic,Branch,9116,1685.46,0.353,0.758,0,6,0.136
C00757,45,58670,635,51,Classic,Digital,6807,990.7,0.279,0.669,0,4,0.28
C00758,46,114546,716,140,Platinum,Direct Mail,26640,2654.81,0.593,0.784,0,8,0.047
C00759,45,66595,644,53,Classic,Branch,4260,685.53,0.285,0.719,0,7,0.129
C00760,36,100624,717,31,Classic,Branch,11510,961.11,0.24,0.824,0,10,0.02
C00761,33,29390,637,55,Classic,Direct Mail,2247,333.88,0.577,0.63,0,8,0.07
C00762,56,43638,673,34,Classic ,DIRECT MAIL,4235,628.45,0.628,0.668,0,7,0.11
C00763,21,207308,704,17,Platinum,Direct Mail,40000,4536.93,0.364,0.706,0,5,0.255
C00764,32,47540,673,18,Classic,Branch,5613,473.23,0.33,0.642,0,9,0.035
C00765,40,58973,627,10,Classic,Digital,3284,553.75,0.491,0.53,0,6,0.178
C00766,40,60649,649,63,CLASSIC,Digital,4431,773.46,0.44,0.693,0,7,0.122
C00767,32,86487,725,51,GOLD,DIGITAL,18033,1577.83,0.224,0.847,0,7,0.119
C00768,54,94536,757,14,Classic,Digital,12959,1520.43,0.416,0.787,0,8,0.067
C00769,24,31813,617,43,Classic,Direct Mail,5327,878.1,0.504,0.598,1,9,0.02
C00770,48,81928,693,17,Gold,Partner,12544,1439.65,0.406,0.656,2,6,0.178
C00771,30,82600,704,156,Gold,Partner,11375,1266.08,0.324,0.846,0,3,0.296
C00772,34,96976,739,24,Platinum,Digital,24620,2710.14,0.464,0.891,0,6,0.233
C00773,30,78091,632,36,Gold,Digital,9037,1116.14,0.323,0.763,0,8,0.08
C00774,31,93174,654,28,Gold,Direct Mail,8834,1262.84,0.42,0.741,0,6,0.179
C00775,34,111491,627,26,Gold,Direct Mail,12835,1838.97,0.546,0.669,0,6,0.175
C00776,57,115104,716,10,Platinum,Digital,26287,2844.63,0.359,0.84,0,5,0.243
C00777,47,133309,758,39,Classic,Digital,15760,1867.2,0.338,0.853,0,8,0.029
C00778,38,97318,670,41,Gold, Partner,12497,1472.32,0.251,0.626,0,5,0.246
C00779,53,36239,631,63,Classic,Branch,1749,596.29,0.551,0.946,0,4,0.296
C00780,60,28000,661,80,Classic,Direct Mail,1000,647.12,0.582,0.535,0,8,0.04
C00781,58,90600,718,41,Gold,Direct Mail,15447,1605.47,0.453,0.888,0,9,0.053
C00782,51,223211,711,27,Gold,Branch,31536,3580.02,0.325,0.82,0,8,0.065
C00783,62,63279,715,15,Gold,Partner,9897,1312.8,0.24,0.869,0,8,0.023
C00784,37,83708,696,19,Gold,Digital,12020,1661.83,0.401,0.783,0,9,0.02
C00785,48,34171,690,68,Classic,Partner,4107,150,0.72,0.752,0,8,0.07
C00786,21,81442,636,75,Gold,Branch,12018,1397.64,0.406,0.707,0,8,0.062
C00787,39,54154,790,45,Gold,Digital,11245,894.08,0.1,0.976,0,7,0.149
C00788,25,194568,638,23,Platinum,Digital,40000,4595.92,0.405,0.558,0,10,0.02
C00789,47,60258,664,157,Classic,Branch,6222,684.79,0.552,0.797,0,7,0.068
C00790,53,40856,653,46,Classic,Branch,4572,557.44,0.335,0.786,0,9,0.02
C00791,44,62578,658,63,Classic ,Digital,6826,686.91,0.49,0.658,1,9,0.029
C00792,58,136389,650,100,Gold,Direct Mail,16157,1859.27,0.4,0.726,0,8,0.068
C00793,35,48190,688,30,Classic,Digital,2040,687.6,0.231,0.746,0,5,0.26
C00794,54,41341,701,68,classic,Branch,5700,277.28,0.359,0.792,0,5,0.248
C00795,42,35573,741,20,Classic,Branch,6575,646.28,0.197,0.716,0,4,0.282
C00796,35,72836,627,23,Classic,Partner,1720,237.94,0.388,0.801,0,8,0.077
C00797,66,35321,767,24,Gold ,Digital,3907,150,0.232,0.876,0,8,0.138
C00798,21,193426,739,110,Platinum,Branch,40000,4599.71,0.181,0.783,0,6,0.159
C00799,41,134175,680,69,Platinum,Partner,24896,2239.47,0.464,0.734,0,6,0.153
C00800,48,156812,749,56,Platinum,Branch,33278,3602.55,0.317,0.848,1,8,0.025
C00801,32,57205,579,56, Classic,Digital,2252,150,0.607,0.771,0,6,0.154
C00802,56,35227,713,31,Classic,Direct Mail,1573,600.25,0.28,0.783,0,8,0.039
C00803,41,142442,690,22,Platinum,Digital,28766,3322.99,0.329,0.691,0,8,0.071
C00804,40,36041,657,37,Classic,Digital,1000,353.24,0.336,0.638,0,9,0.02
C00805,41,41202,664,38,Classic,Branch,3787,392.52,0.386,0.655,0,7,0.071
C00806,43,106653,681,18,Platinum,Direct Mail,22895,2517.69,0.456,0.72,0,8,0.084
C00807,34,34871,624,43,Classic,Partner,1000,234.12,0.637,0.779,0,8,0.084
C00808,21,97895,612,72,Classic,Partner,2847,577.42,0.631,0.568,1,7,0.126
C00809,32,89186,659,71,Gold,Direct Mail,11100,1235.0,0.427,0.801,0,9,0.02
C00810,24,78544,678,87,Gold,Digital,10318,1115.24,0.616,0.804,0,6,0.165
C00811,59,87176,731,61,CLASSIC,Digital,11794,1692.74,0.306,0.857,0,8,0.033
C00812,45,47337,687,24,Classic,Branch,6641,868.97,0.443,0.797,0,9,0.02
C00813,21,95304,760,56,PLATINUM,Partner,22616,2658.68,0.167,1.0,0,8,0.043
C00814,48,62832,742,63,Gold,Partner,12618,873.04,0.311,0.713,0,6,0.224
C00815,27,70534,748,52,Gold,Digital,14446,1255.25,0.21,0.929,0,6,0.156
C00816,38,130854,739,48, Platinum,Digital,28094,2979.86,0.195,1.0,0,8,0.068
C00817,45,71004,695,28,Gold,Direct Mail,13977,1557.96,0.366,0.804,0,6,0.141
C00818,36,78343,687,45,Gold,DIGITAL,10724,1195.82,0.46,0.765,0,8,0.065
C00819,51,84910,677,17,Gold,Branch,8679,1100.73,0.576,0.729,0,6,0.183
C00820,46,61595,697,67,Gold,Digital,9280,810.6,0.292,0.717,0,10,0.02
C00821,32,166012,708,44,Platinum,Direct Mail,36431,3882.58,0.52,0.842,0,9,0.02
C00822,47,113308,634,26,Gold,Digital,13936,1789.37,0.332,0.644,0,8,0.051
C00823,43,44761,674,38,Classic,Branch,2616,681.26,0.393,0.665,0,7,0.101
C00824,39,98917,718,46,Platinum,Digital,22188,2589.48,0.398,0.913,0,8,0.022
C00825,21,59536,711,45,Gold,Digital,8016,952.05,0.544,0.781,0,6,0.168
C00826,36,54545,706,27,Gold,Direct Mail,10098,955.29,0.476,0.801,0,7,0.072
C00827,47,80983,726,43,Gold,Digital,15034,1533.46,0.36,0.934,0,3,0.349
C00828,29,71684,708,27,Gold,Branch,12520,1483.26,0.434,0.692,0,7,0.11
C00829,47,95505,671,18,Gold,Direct Mail,12929,1557.99,0.474,0.744,0,7,0.074
C00830,45,68858,732,35,Gold,Direct Mail,13243,1162.31,0.495,0.868,0,8,0.02
C00831,52,142339,778,26,Classic,Partner,15957,1997.17,0.501,0.836,0,8,0.06
C00832,57,78984,725,43,Gold,BRANCH,10009,1063.1,0.29,0.907,0,5,0.227
C00833,31,79595,751,35,Gold,Partner,12122,1735.29,0.452,1.0,0,7,0.103
C00834,21,73327,692,47,Gold,Digital,12715,1219.85,0.312,0.684,0,6,0.14
C00835,24,81790,643,131,Gold,Direct Mail,7982,487.95,0.621,0.603,0,9,0.065
C00836,41,67678,700,73,Gold,Direct Mail,9687,1101.71,0.278,0.808,0,5,0.249
C00837,27,116272,645,14,Gold,Branch,11831,1488.75,0.299,0.637,0,6,0.117
C00838,47,64543,686,89,Gold,Direct Mail,9717,976.17,0.263,0.717,0,5,0.239
C00839,54,90341,654,68,Gold,Digital,12231,1543.04,0.253,0.683,1,10,0.02
C00840,53,79950,715,37,Gold,Branch,11755,1118.39,0.495,0.916,0,8,0.066
C00841,72,65999,680,33,Gold,Partner,11300,1172.3,0.62,0.712,0,7,0.137
C00842,50,85682,725,12,Gold,DIGITAL,15014,1527.24,0.299,0.848,0,8,0.072
C00843,28,90625,674,75,Gold,Digital,14476,1581.33,0.373,0.837,0,6,0.183
C00844,21,59981,714,29,Gold,Digital,11563,895.29,0.352,0.801,0,8,0.164
C00845,55,158874,808,17,Classic,Digital,20380,2038.26,0.445,0.938,0,8,0.102
C00846,66,52728,667,43,Classic,Digital,7310,942.12,0.658,0.818,0,6,0.165
C00847,45,55724,633,76,Classic,Branch,6583,579.25,0.402,0.769,0,7,0.144
C00848,38,90510,667,22,Gold,Digital,10328,893.04,0.235,0.682,0,9,0.043
C00849,46,136533,626,106,Classic,Branch,12042,1550.66,0.462,0.825,0,,0.09
C00850,47,142690,763,12,Platinum,Digital,34212,3459.66,0.58,0.932,0,7,0.109
C00851,30,88017,650,59,Classic,Partner,9580,785.21,0.652,0.675,1,,0.187
C00852,24,49781,640,48,Classic,Direct Mail,4122,519.66,0.401,0.749,0,8,0.02
C00853,59,32971,688,131, Classic,Digital,5333,277.9,0.479,0.77,0,8,0.088
C00854,22,93709,617,45,Gold,Partner,13927,1527.21,0.512,0.719,0,7,0.112
C00855,21,41278,641,6,Classic,Digital,1000,150,0.345,0.754,0,,0.02
C00856,21,109805,586,82,gold,Direct Mail,15814,1696.29,0.564,0.57,0,6,0.162
C00857,49,59914,584,19,Classic,Digital,1000,150,0.587,0.735,0,4,0.284
C00858,34,51006,666,44,Classic,Digital,10353,1160.52,0.318,0.82,0,6,0.172
C00859,42,44282,611,19,Classic,Partner,2939,351.74,0.484,0.582,0,3,0.331
C00860,29,68735,709,42,GOLD,Partner,14229,1253.55,0.326,0.795,0,7,0.124
C00861,50,178747,718,64,Platinum,Branch,37949,4500.62,0.538,0.95,0,3,0.302
C00862,45,84931,785,70,Platinum,Digital,20515,2232.38,0.476,0.827,0,10,0.02
C00863,75,78938,613,11,Classic,Digital,8189,843.97,0.532,0.672,0,8,0.087
C00864,32,45880,671,11,Classic,Digital,2557,150,0.595,0.614,0,8,0.04
C00865,41,89298,654,70,Gold,Digital,12306,1615.02,0.541,0.745,0,8,0.029
C00866,31,77809,589,101,Classic,Digital,7112,857.33,0.778,0.601,0,,0.054
C00867,50,65427,835,8,Platinum,Digital,18228,1391.21,0.118,1.0,0,6,0.174
C00868,45,39546,713,19,Classic,Partner,4770,790.06,0.373,0.824,0,7,0.092
C00869,45,85129,647,83,Gold,Partner,10573,1167.51,0.512,0.63,0,8,0.02
C00870,42,54774,621,34,Classic,Branch,4395,671.76,0.665,0.747,0,7,0.151
C00871,55,53387,639,21,Classic,Branch,4874,492.21,0.486,0.768,0,10,0.02
C00872,38,100455,701,79,Classic,Digital,7359,921.77,0.302,0.8,0,7,0.02
C00873,40,38673,718,40,Classic,Digital,7194,509.17,0.274,0.74,0,7,0.111
C00874,42,48534,603,89,Classic,Digital,3041,624.46,0.602,0.711,0,7,0.11
C00875,22,80054,760,3,Platinum,Direct Mail,21142,2141.46,0.271,0.837,0,9,0.072
C00876,41,83997,673,108,Gold,Digital,11229,1443.65,0.441,0.753,0,6,0.162
C00877,36,49841,611,83,Classic, Digital,1000,439.85,0.713,0.735,0,9,0.02
C00878,38,101574,649,76,Gold,Partner,12968,1346.35,0.547,0.714,0,6,0.126
C00879,34,45600,639,36,Classic,Direct Mail,4115,653.56,0.343,0.706,0,7,0.12
C00880,52,53092,697,52,Gold, Branch,8185,968.25,0.558,0.867,2,10,0.02
C00881,46,60577,735,72,Gold,Partner,9645,1562.17,0.54,0.814,0,,0.02
C00882,64,75042,654,28,Gold,Digital,8564,1453.54,0.601,0.701,0,7,0.111
C00883,29,67314,707,24,Classic,Direct Mail,7582,657.88,0.493,0.763,0,10,0.02
C00884,29,102749,606,36,Classic,Direct Mail,7272,883.89,0.545,0.617,0,9,0.02
C00885,53,145407,733,51,Platinum,Branch,33114,3438.18,0.392,0.928,0,9,0.02
C00886,48,61715,589,35,Classic,Digital,2133,345.24,0.515,0.625,2,9,0.02
C00887,33,59114,761,73,Gold,Digital,11805,835.67,0.567,0.861,0,8,0.123
C00888,44,57016,761,13,Gold,Direct Mail,12215,1587.38,0.204,0.99,0,5,0.25
C00889,36,78144,762,77,Classic,Branch,7427,417.94,0.287,0.899,0,8,0.048
C00890,40,66237,763,40,Gold,Digital,13206,1081.21,0.156,0.919,0,9,0.02
C00891,51,78009,640,46,Gold,Digital,8181,1166.96,0.517,0.705,0,10,0.02
C00892,54,144990,736,52,Platinum,Digital,29878,3473.8,0.294,0.984,0,6,0.171
C00893,35,125772,708,21,Gold ,Branch,21693,2397.93,0.445,0.798,0,6,0.109
C00894,48,52894,673,72,Classic,Partner ,5466,595.68,0.574,0.74,0,8,0.02
C00895,51,74698,700,34,Gold,Direct Mail,11148,1553.37,0.365,0.893,0,10,0.02
C00896,23,73546,640,60,Gold,Digital,10357,1262.77,0.45,0.78,0,9,0.02
C00897,30,47281,672,10,Classic,Direct Mail,3261,150,0.598,0.787,1,5,0.249
C00898,31,66478,710,29,gold,Branch,9643,1420.49,0.256,0.852,0,9,0.02
C00899,37,106314,703,18,Platinum,Direct Mail,23174,2623.36,0.278,0.836,0,7,0.105
C00900,52,219557,723,5,Gold,Direct Mail,30661,3463.83,0.245,0.868,0,7,0.159
C00901,53,88713,570,18,Classic,Digital,6418,865.36,0.539,0.466,1,,0.235
C00902,22,51729,645,17,Classic,Direct Mail,1000,496.44,0.456,0.772,0,8,0.021
C00903,51,32415,697,64,Classic,Direct Mail,5097,150,0.291,0.877,0,10,0.02
C00904,36,88615,740,96,Platinum,Partner,19314,2148.14,0.477,0.636,0,6,0.169
C00905,47,57275,680,47,Gold,Digital,8525,1047.43,0.545,0.834,1,7,0.097
C00906,58,186639,828,30,Platinum,Branch,40000,4309.1,0.313,1.0,0,6,0.211
C00907,31,47981,638,29,Classic,Partner,3339,484.43,0.6,0.714,0,7,0.18
C00908,25,156352,673,175,Gold,Digital,20491,2419.25,0.496,0.843,0,7,0.106
C00909,31,67618,700,62,Classic,Digital,8043,1229.35,0.568,0.735,0,7,0.073
C00910,43,71324,711,38,Gold,Branch,13251,1172.19,0.2,0.696,0,6,0.161
C00911,50,28000,573,29,classic,Digital,2502,328.36,0.486,0.631,1,7,0.121
C00912,30,75327,674,94,Gold,Branch,12391,1766.47,0.336,0.689,0,7,0.073
C00913,44,71150,672,26,Gold,Digital,10722,1213.71,0.449,0.727,0,7,0.114
C00914,52,34681,733,37,Classic,Partner,4535,784.45,0.179,0.791,0,9,0.02
C00915,44,87628,721,11,Classic,digital,10746,1089.64,0.316,0.745,0,5,0.159
C00916,44,87378,668,24,Gold,Direct Mail,9263,1088.64,0.673,0.649,0,8,0.035
C00917,75,145510,728,24,Platinum,Digital,33465,3331.69,0.265,0.809,0,5,0.241
C00918,54,65716,642,26, Classic, Digital,3874,585.48,0.459,0.704,0,10,0.02
C00919,29,50318,656,37,Classic,Digital,5981,950.96,0.591,0.749,0,9,0.02
C00920,43,84838,701,76,Gold,Branch,12768,1483.77,0.386,0.718,0,7,0.097
C00921,38,96566,695,18,Gold,Partner,12624,1684.93,0.436,0.787,0,,0.103
C00922,51,85117,640,33,Classic,Direct Mail,5521,558.59,0.58,0.606,1,,0.164
C00923,53,55806,666,41,Classic,Branch,1446,364.36,0.25,0.828,0,8,0.02
C00924,48,41807,641,12,Classic,Branch,4619,150,0.391,0.654,0,7,0.116
C00925,37,87593,686,60,Gold,Digital,16771,1571.5,0.264,0.73,0,,0.02
C00926,59,83782,698,77,Gold,Partner,13806,1431.8,0.68,0.744,0,6,0.17
C00927,30,92899,645,51,Gold,Branch,14655,1270.75,0.346,0.58,0,8,0.039
C00928,37,81411,684,52,Classic,Branch,8842,1158.48,0.38,0.754,0,,0.134
C00929,36,61921,635,104,Classic,Digital,6102,726.4,0.423,0.654,0,7,0.129
C00930,23,104444,618,42,Classic,Digital ,5017,654.35,0.746,0.791,1,7,0.106
C00931,36,115110,728,18,Platinum,Branch ,22968,2417.81,0.331,0.853,0,8,0.039
C00932,43,87687,527,59,Classic,Direct Mail,2441,642.81,0.644,0.478,1,7,0.101
C00933,29,81601,654,28,Gold,Digital,12580,1312.67,0.255,0.677,1,10,0.02
C00934,35,64779,717,69,Gold,Branch,12658,1293.43,0.45,0.847,0,5,0.232
C00935,54,90207,548,45,Classic,Digital,2102,969.33,0.8,0.681,0,10,0.02
C00936,55,91226,744,36,Platinum,Partner,22434,2249.23,0.287,0.962,0,9,0.02
C00937,32,101793,700,23,Platinum,Digital,21222,1677.75,0.272,0.772,0,7,0.09
C00938,57,44651,674,36,Classic,Partner,4620,634.39,0.595,0.825,0,8,0.062
C00939,25,48837,670,48,classic,Digital,3763,620.46,0.271,0.831,0,7,0.116
C00940,58,74015,594,77,Classic,Branch,1654,501.05,0.527,0.486,0,6,0.149
C00941,40,64038,716,5, Gold,Branch,10673,790.42,0.44,0.736,0,7,0.24
C00942,50,75205,683,72,Gold,Direct Mail,10922,1468.04,0.558,0.829,0,9,0.02
C00943,29,68941,656,40,Gold,Direct Mail,8800,701.97,0.521,0.704,0,6,0.218
C00944,39,66366,682,60,Gold,Digital,8660,1009.3,0.291,0.729,0,7,0.109
C00945,67,92735,658,49,Gold,Direct Mail,13821,1711.8,0.45,0.598,0,7,0.094
C00946,43,52041,575,11,Classic,Direct Mail,2138,323.77,0.426,0.595,0,7,0.142
C00947,32,71708,637,54,Classic,Direct Mail,2633,367.59,0.615,0.671,0,9,0.02
C00948,37,62473,616,50,Classic,Branch,3148,584.55,0.542,0.702,0,7,0.102
C00949,43,78519,657,106,Gold,Partner,10619,1551.73,0.342,0.713,0,8,0.061
C00950,61,106489,740,30,Classic,Digital,10461,1376.23,0.326,0.766,0,,0.119
C00951,32,49685,679,92,Classic,Digital,4704,591.21,0.301,0.781,0,9,0.02
C00952,33,135026,830,88,Platinum,Digital,31367,2930.08,0.183,0.995,0,6,0.149
C00953,46,83957,660,84,Gold,Digital,9530,1176.24,0.467,0.782,0,8,0.02
C00954,53,72424,733,45,Classic,Digital,10316,1252.66,0.442,0.758,0,7,0.094
C00955,38,53258,632,35,Classic,Digital,2666,293.53,0.411,0.65,0,10,0.02
C00956,26,84378,677,58,Classic,Direct Mail,8424,966.92,0.351,0.723,0,10,0.02
C00957,43,88912,578,128,Classic,Digital,3460,448.65,0.556,0.48,0,7,0.095
C00958,34,48530,602,8,CLASSIC,Partner,5619,700.56,0.464,0.547,0,6,0.204
C00959,49,29344,650,54,Classic,Branch,1000,431.46,0.387,0.752,0,6,0.146
C00960,56,44325,634,93,Classic,Digital,4025,254.9,0.532,0.712,0,6,0.186
C00961,48,32175,749,10,Classic,Partner,6664,1040.2,0.251,0.796,0,7,0.139
C00962,37,108595,748,25,Platinum,Digital,25159,3074.45,0.429,0.82,0,8,0.063
C00963,32,60049,652,45,CLASSIC,Branch,3837,689.6,0.402,0.586,0,8,0.062
C00964,44,54222,697,50,Gold,Digital,6719,332.6,0.383,0.798,0,5,0.283
C00965,50,94543,802,27,Platinum,Digital,25350,2326.46,0.131,0.954,0,9,0.02
C00966,21,59413,626,15,Classic, Digital,5084,1114.14,0.32,0.686,0,9,0.033
C00967,47,82287,677,35,Gold,Partner,11223,1444.66,0.306,0.742,0,8,0.06
C00968,48,28000,670,38,Classic,Digital,6340,583.02,0.362,0.741,0,6,0.161
C00969,31,65890,653,64,Classic,Digital,4179,628.98,0.493,0.638,0,6,0.173
C00970,52,103797,690,19,Classic,Digital,7920,795.1,0.491,0.793,0,9,0.02
C00971,67,53743,637,64,Classic,Partner,3271,570.62,0.544,0.624,0,8,0.088
C00972,30,40184,708,61,classic,Partner,6903,974.36,0.453,0.78,0,5,0.233
C00973,37,95190,743,78,Gold,Branch,18569,1986.19,0.529,0.943,0,9,0.02
C00974,41,70127,682,15,Gold,Digital,10094,820.46,0.419,0.754,0,10,0.02
C00975,44,36389,616,102,Classic,Digital,1000,450.11,0.547,0.752,0,6,0.166
C00976,40,31039,657,29,Classic ,Digital,1036,342.85,0.541,0.926,0,6,0.197
C00977,25,52980,624,43,Classic,Digital,3732,744.64,0.564,0.62,1,8,0.047
C00978,39,88720,671,7,Gold, Direct Mail,11628,1746.97,0.453,0.881,0,7,0.133
C00979,61,116455,661,27,Platinum,Digital,24247,3075.33,0.553,0.749,0,9,0.02
C00980,44,38235,683,70,Classic,Direct Mail,5142,593.03,0.215,0.797,0,5,0.207
C00981,34,69375,590,44,Classic,Digital,3672,702.1,0.377,0.775,1,7,0.089
C00982,36,82150,653,37,Gold,Branch,9265,1224.11,0.393,0.763,0,5,0.221
C00983,38,89727,640,39,Gold,Direct Mail,7170,867.98,0.321,0.576,0,9,0.114
C00984,26,46109,679,34,Classic,Digital,3001,893.44,0.38,0.738,1,8,0.025
C00985,59,57732,699,60,Gold,Digital,6703,1007.97,0.283,0.579,0,8,0.056
C00986,34,76486,620,34,Classic,Branch,4612,597.16,0.375,0.646,0,,0.02
C00987,53,34862,598,54,Classic,Direct Mail,1000,446.56,0.484,0.757,0,9,0.02
C00988,39,91933,659,81,Gold,Partner,14619,1510.31,0.326,0.764,1,,0.02
C00989,43,77556,731,19,Gold,Partner,12650,1905.9,0.657,0.776,0,7,0.115
C00990,25,48087,667,55,Classic,Partner,1042,301.95,0.369,0.774,1,7,0.132
C00991,45,55945,663,14,Classic,Branch,2987,188.48,0.493,0.685,0,9,0.02
C00992,23,71326,630,4,Classic,Partner,8305,818.88,0.493,0.767,1,6,0.214
C00993,24,77873,750,20,Gold,Digital,13726,1465.54,0.206,0.806,0,8,0.02
C00994,21,82284,751,55,Platinum,Digital,18440,2114.02,0.304,0.781,0,9,0.02
C00995,30,56285,639,33,Classic,Partner,2302,731.56,0.484,0.656,0,8,0.042
C00996,35,82671,638,15,Gold,Digital,9518,1669.52,0.542,0.559,0,7,0.075
C00997,36,49918,769,42,Gold,Branch,9924,887.56,0.414,0.948,0,10,0.034
C00998,57,136501,640,11,platinum,Direct Mail,27859,3231.54,0.38,0.812,0,6,0.162
C00999,36,97568,635,40,Gold,Digital,12540,1653.41,0.433,0.756,0,6,0.136
C01000,27,71877,722,22,Classic,Digital,6244,614.0,0.566,0.709,0,7,0.098
C01001,25,64044,602,48,Classic,Digital,4113,824.64,0.57,0.563,0,8,0.029
C01002,56,96235,699,18,Gold,Direct Mail,13801,1754.24,0.355,0.737,0,6,0.181
C01003,35,30356,656,29,Classic,Digital,1534,248.74,0.376,0.679,0,4,0.269
C01004,34,88958,701,27,Gold,Branch,16020,1504.14,0.466,0.862,0,6,0.117
C01005,33,103764,738,18,Platinum,Partner,24210,2840.32,0.352,0.851,0,4,0.313
C01006,34,88830,797,44,Platinum,Digital,24505,2379.73,0.352,1.0,0,,0.02
C01007,45,181472,693,29,Platinum,Partner,38328,3675.23,0.364,0.622,0,10,0.02
C01008,39,88180,684,32,Gold,Digital,12883,1642.42,0.491,0.711,0,8,0.042
C01009,59,122457,599,98,Classic,Branch,9215,1010.94,0.336,0.608,0,6,0.221
C01010,50,92852,671,12,Gold,Digital,12317,1391.29,0.499,0.635,0,6,0.14
C01011,58,43084,696,40,Classic,Digital,9543,1110.1,0.442,0.832,0,6,0.126
C01012,34,28000,585,52,Classic,Digital,1441,375.8,0.624,0.549,1,7,0.113
C01013,40,43125,754,31,Gold,Digital,14327,1160.38,0.301,0.798,0,8,0.02
C01014,45,35540,726,44,Classic,Direct Mail,4682,328.35,0.272,0.901,0,6,0.185
C01015,27,87429,606,17,Classic,Digital,5620,788.59,0.407,0.656,1,7,0.062
C01016,47,70302,592,80,Classic,Partner,4410,553.61,0.487,0.675,1,9,0.036
C01017,45,67016,760,63,Gold,Digital,15115,1250.43,0.29,0.822,0,9,0.02
C01018,51,93844,644,29,Gold,Partner,11791,1391.06,0.305,0.789,0,8,0.079
C01019,45,96231,695,34,Gold,digital,14210,1573.95,0.641,0.712,0,7,0.07
C01020,55,54805,688,42,Gold,Digital,9810,1114.77,0.405,0.818,0,6,0.181
C01021,34,132652,569,28,Gold,Branch,15540,1740.96,0.698,0.789,1,8,0.074
C01022,29,60823,789,65,Gold,Partner,13567,1358.24,0.172,0.934,0,7,0.153
C01023,42,108239,704,38,Platinum,Digital,23841,2556.02,0.232,0.627,0,9,0.02
C01024,38,34457,760,58,Gold,Branch,7275,984.22,0.264,0.881,0,8,0.05
C01025,35,139147,639,85,Classic,Partner,12831,1534.23,0.31,0.571,0,7,0.085
C01026,32,77573,651,56,Gold,Direct Mail,12611,1536.72,0.62,0.612,1,6,0.163
C01027,53,46030,661,7,Classic,Partner,2792,552.6,0.483,0.667,0,6,0.163
C01028,33,126014,736,55,Platinum,Digital,31918,3202.05,0.402,0.801,0,6,0.167
C01029,39,48699,684,13,Classic,Branch,1548,479.36,0.507,0.83,0,6,0.185
C01030,37,63310,704,39,Gold,Partner,8823,780.68,0.199,0.734,0,8,0.108
C01031,28,77257,607,15,Classic,Branch,3564,424.88,0.628,0.596,2,6,0.172
C01032,47,141652,725,9,Platinum,Branch,31062,3746.93,0.44,0.818,0,,0.134
C01033,46,91500,623,60,Gold,Partner,7781,945.85,0.601,0.582,0,7,0.096
C01034,34,44056,794,63,Classic,Digital,5597,407.99,0.344,0.78,0,9,0.02
C01035,45,73298,647,8,Gold,Digital,5401,636.45,0.359,0.749,0,6,0.255
C01036,64,34034,617,55,Classic,Branch,3769,456.29,0.45,0.617,0,10,0.02
C01037,31,86976,746,18,Platinum,Digital,19530,2198.0,0.424,0.748,0,8,0.054
C01038,45,113690,728,58,Platinum,Branch,22789,2543.92,0.559,0.82,0,8,0.073
C01039,25,48698,709,47,Gold,Digital,7656,405.04,0.314,0.738,0,5,0.313
C01040,45,29809,641,67,Classic,Digital,4593,647.82,0.567,0.708,1,9,0.02
C01041,24,101392,726,39,Platinum,DIGITAL,20747,2494.54,0.38,0.82,0,7,0.111
C01042,57,280000,655,11,Platinum,Partner,40000,5153.4,0.531,0.615,1,9,0.042
C01043,54,35202,641,29,Classic,Digital,2574,344.61,0.298,0.774,0,8,0.037
C01044,50,45910,598,59,Classic,Direct Mail,1000,720.4,0.425,0.668,0,6,0.117
C01045,39,257122,687,36,Platinum,Branch,40000,4801.32,0.51,0.82,0,6,0.169
C01046,35,62713,620,83,Classic,PARTNER,4787,150,0.525,0.668,1,,0.046
C01047,43,98503,631,44,Classic,Partner,6607,947.4,0.318,0.761,0,10,0.02
C01048,57,113710,681,71,Gold,Digital,16516,1980.38,0.317,0.797,0,7,0.096
C01049,38,36950,703,49,Classic,Branch,3677,311.35,0.433,0.779,0,7,0.117
C01050,34,137845,692,5,Platinum,Digital,30799,2820.97,0.502,0.752,0,9,0.032
C01051,47,162825,601,31,Platinum,Digital,31609,3487.43,0.582,0.669,0,9,0.02
C01052,37,82929,641,40,Gold,Partner,10478,1123.44,0.558,0.637,1,5,0.245
C01053,52,56046,685,49,Gold,Digital,9593,952.65,0.241,0.768,0,8,0.045
C01054,52,52852,668,41,Classic, Branch,4230,150,0.537,0.549,0,8,0.107
C01055,21,60294,783,43,Gold,Digital,12628,1210.3,0.206,0.909,0,5,0.238
C01056,46,89175,746,35,Platinum,Branch,24853,2709.0,0.379,0.903,0,8,0.064
C01057,45,155801,562,43,Platinum,Partner,29209,3102.09,0.407,0.511,0,7,0.12
C01058,38,64790,621,15,Classic,Direct Mail,5243,501.58,0.315,0.725,0,9,0.02
C01059,63,68608,650,38,Gold,DIGITAL,8277,718.31,0.467,0.709,0,6,0.189
C01060,62,128792,713,16,Classic,Branch,9844,1386.96,0.289,0.927,0,8,0.09
C01061,43,58301,613,66,Classic,Partner,5375,459.08,0.576,0.795,0,8,0.072
C01062,25,136029,776,100,Classic,Direct Mail,13351,1440.04,0.23,0.915,0,8,0.086
C01063,42,53360,635,24,Classic,Direct Mail,4508,228.47,0.414,0.596,0,8,0.024
C01064,57,107913,685,21,PLATINUM,Partner,20353,2157.59,0.329,0.81,0,8,0.077
C01065,32,87443,539,18,Classic,direct mail,2759,507.34,0.534,0.683,1,6,0.16
C01066,28,58919,635,64,Classic,Digital,8798,972.55,0.81,0.63,0,9,0.02
C01067,33,88395,705,15,gold,DIGITAL,12384,1206.77,0.306,0.634,0,6,0.174
C01068,30,59534,677,21,Gold,Digital,6268,557.01,0.456,0.647,0,8,0.163
C01069,30,118975,639,6,Gold,Partner,16914,1990.82,0.422,0.788,0,9,0.02
C01070,39,74692,612,46,Classic, Digital,2752,426.75,0.498,0.761,0,6,0.168
C01071,42,138331,621,58,Platinum,Direct Mail,24128,2748.39,0.282,0.693,0,8,0.02
C01072,27,37843,679,54,Classic,Digital,4517,228.4,0.313,0.713,0,6,0.172
C01073,56,77303,734,27, Gold,Branch ,13165,1038.42,0.251,0.697,0,9,0.02
C01074,50,90938,661,126,Gold,Partner,11015,816.85,0.596,0.921,0,7,0.183
C01075,21,70758,618,18,Classic,Direct Mail,5081,1128.49,0.459,0.592,0,10,0.02
C01076,32,45342,585,79,Classic,Direct Mail,1529,496.87,0.357,0.613,0,9,0.02
C01077,45,98638,771,50,Platinum,Direct Mail,23016,2630.52,0.41,0.858,0,6,0.148
C01078,50,67184,699,26,Gold,Digital,12220,1392.96,0.389,0.791,0,8,0.049
C01079,37,28000,584,42,Classic,Digital,1000,150,0.454,0.671,0,6,0.133
C01080,42,94966,607,103,Gold,Digital,7375,640.99,0.363,0.798,0,6,0.247
C01081,59,69945,792,13,Platinum ,Digital,21637,2457.73,0.467,0.984,0,8,0.034
C01082,37,72459,669,26,Gold,Partner,11446,1155.02,0.295,0.775,0,,0.02
C01083,50,87646,671,75,Gold,Partner,10913,1710.05,0.278,0.814,0,3,0.337
C01084,44,40777,657,74,Classic,Branch,3922,734.47,0.487,0.713,0,6,0.184
C01085,40,64292,669,37,Gold,Branch,8599,1415.95,0.592,0.724,0,6,0.143
C01086,62,133789,657,30,Platinum,Digital,28088,3235.63,0.285,0.725,0,,0.064
C01087,60,28516,605,86,Classic,DIGITAL,4189,211.78,0.583,0.743,0,,0.126
C01088,71,60238,663,38,Classic,Digital,9578,877.18,0.629,0.671,0,8,0.044
C01089,42,125093,668,92,Classic,Branch,7697,1554.0,0.378,0.779,0,9,0.02
C01090,22,53146,672,56,Classic,Direct Mail,7824,1051.07,0.681,0.716,0,8,0.058
C01091,33,35641,742,40,Gold,Direct Mail,5053,178.03,0.36,0.739,0,9,0.04
C01092,49,167948,726,18,Classic,Digital,18297,1775.66,0.355,0.733,0,7,0.113
C01093,39,173977,674,47,Platinum,Branch,35520,3764.84,0.404,0.673,0,7,0.117
C01094,21,76521,582,70,Classic,Digital,3811,400.91,0.396,0.561,0,6,0.154
C01095,58,111240,666,32,Gold,Partner,11026,1828.14,0.349,0.677,0,8,0.02
C01096,39,88838,736,29,Gold,Partner,14734,1625.87,0.306,0.756,0,,0.076
C01097,53,58054,621,67,Classic,Digital,2453,484.82,0.458,0.625,0,7,0.059
C01098,60,89467,591,43,Gold,Digital,12308,1444.1,0.66,0.707,0,7,0.059
C01099,39,161582,625,30,Gold,Digital,21185,2346.63,0.442,0.563,0,8,0.083
C01100,46,70122,677,47,Gold,Partner,12211,858.55,0.447,0.675,0,9,0.055
C01101,43,48361,716,46,Gold,Digital,10359,831.18,0.398,0.784,0,8,0.128
C01102,51,62737,723,33,Gold,Digital,10104,1080.59,0.373,0.853,0,9,0.02
C01103,38,89465,708,57,Gold,Digital,12381,1219.69,0.283,0.754,0,6,0.148
C01104,36,123760,653,101,Platinum,Branch,24825,2896.93,0.548,0.755,0,7,0.138
C01105,47,79189,728,47,Gold,Branch,15238,1389.15,0.507,0.888,0,8,0.061
C01106,27,61292,670,26,Gold,Digital,8828,1223.46,0.308,0.647,0,9,0.02
C01107,36,178570,766,33,Platinum,Partner,40000,4130.45,0.135,0.814,0,5,0.196
C01108,27,54220,654,20,Classic,Direct Mail,4241,711.29,0.403,0.657,0,9,0.02
C01109,27,38593,647,41,Classic,Digital,2406,647.52,0.657,0.653,1,6,0.181
C01110,59,91532,629,35,Classic,Digital,7295,585.61,0.411,0.66,0,9,0.02
C01111,28,101864,723,57,Platinum,Direct Mail,22404,2312.67,0.234,0.761,0,7,0.142
C01112,36,81177,629,63,Gold,Branch,6974,670.45,0.592,0.613,0,9,0.095
C01113,38,131278,663,6,Platinum,Partner,27786,2865.46,0.498,0.66,0,8,0.119
C01114,32,54180,697,87,Gold,Digital,11549,1282.45,0.323,0.668,0,10,0.02
C01115,41,83726,727,52,Gold,Branch,15191,1548.36,0.487,0.801,0,7,0.14
C01116,53,80445,711,30,Classic,Branch,10557,971.76,0.393,0.672,0,5,0.23
C01117,52,88679,683,48,Gold,Digital,14185,1554.29,0.401,0.841,0,5,0.232
C01118,45,71398,636,108,Classic,Partner,3959,544.16,0.48,0.76,0,8,0.093
C01119,56,51769,634,59,Classic,Branch,4554,598.66,0.341,0.611,0,7,0.065
C01120,40,149509,787,20,Platinum,Digital,33837,3420.0,0.155,0.931,0,6,0.148
C01121,40,61933,755,24,Gold,Digital,12497,1166.56,0.199,0.852,0,8,0.067
C01122,37,81431,632,30,Gold,digital,8878,1147.56,0.493,0.725,0,7,0.126
C01123,27,68714,703,38,Gold,Direct Mail,10949,1239.61,0.281,0.885,0,8,0.065
C01124,49,82399,626,10,Gold,Digital,11372,1335.58,0.432,0.648,0,6,0.189
C01125,62,28000,685,8,Classic,Digital,4973,775.93,0.464,0.777,0,8,0.079
C01126,29,45737,734,21,Classic,Branch,6033,761.09,0.246,0.813,0,,0.062
C01127,38,114655,628,18,Gold,Branch,16393,2101.07,0.65,0.685,0,7,0.111
C01128,63,46083,687,17,Classic,Digital,2190,819.06,0.352,0.64,0,5,0.221
C01129,37,71200,664,8,Gold,Branch,9114,1073.35,0.379,0.726,0,10,0.02
C01130,24,75778,593,37,Classic,Direct Mail,2988,227.66,0.331,0.568,0,7,0.071
C01131,43,45721,583,27,Classic,Partner,1000,150,0.446,0.678,0,6,0.202
C01132,39,63699,654,44,Classic,Digital,6487,795.81,0.528,0.746,0,6,0.151
C01133,34,38662,715,41,Classic,Branch,3946,719.41,0.405,0.81,0,8,0.046
C01134,22,89594,695,58,Classic,Direct Mail,6735,658.5,0.554,0.631,0,6,0.183
C01135,45,67601,669,34,Gold,Branch,9206,1089.44,0.531,0.73,0,,0.02
C01136,57,55420,782,57,Gold,Digital,12426,1268.55,0.258,0.758,0,5,0.257
C01137,38,113755,748,16,Gold,Partner,18505,2158.26,0.309,0.8,0,8,0.084
C01138,44,157122,728,25,Platinum,Branch,34349,3373.77,0.689,0.74,0,6,0.178
C01139,56,90413,757,20,Platinum,PARTNER,21401,2635.3,0.243,0.815,0,10,0.02
C01140,36,76878,670,48, Gold,Branch,10758,1242.68,0.24,0.877,0,6,0.22
C01141,31,66215,608,42,Classic,Branch,5121,432.09,0.607,0.766,0,8,0.072
C01142,35,41991,580,18,Classic,Digital,4099,536.93,0.44,0.594,0,,0.157
C01143,28,79603,747,17,Gold,Branch,11641,1569.56,0.49,0.82,0,5,0.174
C01144,30,78026,554,142,Classic,Branch,1942,150,0.664,0.41,0,5,0.227
C01145,44,41254,629,42,Classic,Digital,2149,150,0.322,0.717,0,8,0.055
C01146,24,94904,660,124,GOLD,Digital,11789,930.27,0.551,0.737,0,5,0.213
C01147,42,81520,642,42,Classic,Digital,5819,461.82,0.533,0.607,0,9,0.044
C01148,37,38977,660,80,Classic,Partner,3120,578.84,0.565,0.801,0,5,0.251
C01149,22,160124,652,47,Platinum,Digital,34545,3570.7,0.393,0.708,0,9,0.02
C01150,50,31423,706,39,Classic,Digital,4610,718.63,0.712,0.864,0,7,0.073
C01151,52,54416,617,44,Classic,Digital,2877,697.64,0.411,0.651,0,8,0.096
C01152,34,59242,612,28,Classic,Partner,2327,509.32,0.605,0.545,0,8,0.097
C01153,55,57271,685,10,Gold,branch,9319,1071.66,0.376,0.83,0,7,0.123
C01154,52,104090,712,14,Platinum,DIRECT MAIL,21098,2596.08,0.213,0.875,0,7,0.129
C01155,37,54263,694,94,Gold,Branch,9740,874.46,0.316,0.816,0,7,0.188
C01156,36,71366,595,46,Classic,Digital,7208,750.46,0.362,0.659,0,6,0.157
C01157,62,42219,680,30,Classic,digital,3285,487.77,0.356,0.683,0,8,0.058
C01158,40,45696,678,107,Classic,Digital,1712,435.96,0.545,0.899,0,7,0.087
C01159,22,87772,678,95,Gold,digital,14918,1554.38,0.464,0.755,0,7,0.145
C01160,35,116664,708,23,Platinum,Digital,26335,2844.74,0.654,0.88,0,9,0.02
C01161,34,49766,637,38,Classic, Digital,1000,150,0.442,0.626,0,9,0.02
C01162,48,52043,698,10,Gold,Digital,8096,828.35,0.355,0.871,0,8,0.188
C01163,39,71391,657,16, Gold,Branch,9099,756.88,0.401,0.82,0,9,0.075
C01164,43,73600,749,151,Gold,Digital,13559,1582.6,0.38,0.804,1,8,0.02
C01165,57,56935,690,57,Gold,Branch,7780,844.09,0.271,0.659,0,10,0.042
C01166,55,94622,652,31,Gold,Branch,14059,1032.31,0.292,0.854,0,6,0.191
C01167,53,111491,726,46,Platinum,Digital,22386,2394.99,0.555,0.881,0,9,0.02
C01168,39,55814,598,93,Classic,Digital,1000,425.3,0.502,0.649,0,7,0.117
C01169,37,57597,627,17,Classic,Partner,2909,150,0.448,0.615,1,7,0.116
C01170,45,48464,606,64, Classic,Branch,2536,763.34,0.488,0.81,0,7,0.103
C01171,42,86932,730,41,Gold,Digital,14013,1586.95,0.23,0.859,0,9,0.02
C01172,22,104931,652,27,Gold,Branch,11982,1247.2,0.367,0.646,0,5,0.228
C01173,21,79360,771,95,Platinum,Branch,19143,1751.61,0.323,0.93,0,7,0.13
C01174,36,84303,689,24,Classic,Branch,7054,1185.25,0.336,0.744,0,6,0.128
C01175,21,28000,696,129,Classic,Branch,1000,364.8,0.597,0.803,0,5,0.242
C01176,36,67630,753,20,Gold,Branch,12963,983.51,0.242,0.8,0,9,0.02
C01177,41,53810,664,57,Classic,Digital,3422,150,0.478,0.782,0,8,0.081
C01178,26,87783,767,93,Gold,Digital,13937,1402.68,0.271,0.776,0,10,0.02
C01179,52,83676,643,34,Gold,Digital,9592,1314.63,0.349,0.809,0,6,0.182
C01180,64,122414,680,59,Platinum,Direct Mail,25351,2075.14,0.379,0.687,0,9,0.02
C01181,57,85415,756,58,Classic,Branch,8970,612.02,0.478,0.75,0,6,0.203
C01182,37,97200,744,48,Classic, Partner,13421,1074.96,0.344,0.828,0,9,0.024
C01183,21,73976,685,18,Gold,Digital,14169,1522.98,0.275,0.755,0,7,0.071
C01184,52,72550,628,38,Classic,Partner,3324,200.5,0.344,0.677,0,9,0.039
C01185,50,44517,561,56,Classic,Direct Mail,1882,646.51,0.472,0.566,1,6,0.167
C01186,22,46887,714,39,Gold,Branch,8105,1166.68,0.318,0.742,0,9,0.02
C01187,21,87144,658,6,Classic,Direct Mail,6374,954.86,0.356,0.739,0,9,0.08
C01188,50,280000,676,41,Platinum,Digital ,40000,5279.23,0.364,0.943,0,7,0.135
C01189,72,68941,668,48,Gold,DIRECT MAIL,7731,1088.43,0.295,0.765,0,10,0.02
C01190,38,50995,657,42,Classic,Branch,3574,630.67,0.298,0.744,0,7,0.038
C01191,46,130189,746,18,Gold, Branch,19843,2426.27,0.28,0.814,0,9,0.02
C01192,51,51863,675,39,Classic,Branch,5969,754.12,0.495,0.884,0,10,0.02
C01193,36,60604,650,52,Classic,Branch,5277,860.22,0.437,0.715,0,6,0.138
C01194,51,104312,678,40,Gold,Branch,15892,2001.5,0.383,0.865,0,7,0.115
C01195,47,44266,676,56,Classic,Direct Mail,1934,635.61,0.589,0.823,0,9,0.02
C01196,40,98529,696,76,Classic,Digital,13532,1293.18,0.417,0.79,0,8,0.02
C01197,23,75611,700,40,Gold,Digital,11441,865.96,0.447,0.997,0,9,0.09
C01198,33,46831,651,55,Classic,Partner,6581,663.56,0.48,0.756,0,8,0.02
C01199,42,138275,629,26,Platinum,BRANCH,25177,2884.95,0.53,0.755,0,6,0.154
C01200,25,58556,722,53,Gold,Digital,11693,770.33,0.488,0.815,0,5,0.279
C01201,45,114863,705,36,Gold,Direct Mail,17509,1705.49,0.437,0.915,0,9,0.044
C01202,33,95654,691,36,Gold,Direct Mail,16215,1248.54,0.307,0.891,0,7,0.127
C01203,48,65886,644,99,Classic,Partner,6379,293.62,0.325,0.682,1,10,0.02
C01204,32,81834,621,52,Gold,Partner ,7597,1035.02,0.503,0.622,0,6,0.195
C01205,49,61639,677,103,Gold,Digital,7385,1041.04,0.586,0.632,0,6,0.197
C01206,44,51893,663,28,Classic,Digital,2533,458.34,0.457,0.788,0,8,0.052
C01207,46,120991,722,41,Platinum,Branch,28043,2582.3,0.379,0.811,0,6,0.154
C01208,51,48332,727,27,Gold ,Digital,13558,892.51,0.342,0.666,0,6,0.205
C01209,21,53309,744,62,Gold,Digital,7795,1058.59,0.223,0.914,0,8,0.045
C01210,29,101023,695,18,Classic,Digital,8397,825.41,0.428,0.821,0,6,0.123
C01211,34,85218,669,51,Gold,Branch ,14203,1566.4,0.251,0.831,0,8,0.038
C01212,37,51559,642,25,Classic,Partner,3471,493.22,0.517,0.712,0,8,0.054
C01213,46,50380,659,42,Classic,Partner,3342,330.95,0.38,0.835,0,7,0.096
C01214,45,109378,671,53,Classic,Digital,7839,634.82,0.23,0.649,0,5,0.232
C01215,36,81732,711,42,Gold,Branch,15540,1704.84,0.421,0.81,0,7,0.132
C01216,33,56144,746,46,Classic,Partner,8765,909.25,0.211,0.929,0,9,0.02
C01217,29,92073,723,103,Platinum,Direct Mail,23288,2667.61,0.334,0.804,0,6,0.176
C01218,41,84184,673,53,Gold,Partner,11952,1431.66,0.74,0.632,0,7,0.081
C01219,36,138705,696,28,Platinum,Direct Mail,26782,2865.15,0.527,0.724,0,6,0.169
C01220,42,63247,589,8,Classic,Branch,2991,220.71,0.666,0.546,0,8,0.081
C01221,30,80277,739,42,Gold,Direct Mail,11241,1362.58,0.279,0.723,0,7,0.129
C01222,55,81294,720,33,Gold,Branch,13754,1465.5,0.516,0.879,0,10,0.02
C01223,29,125789,733,35,Platinum,Digital,31040,2921.93,0.42,0.763,0,5,0.183
C01224,39,77264,809,89,Platinum,Partner,22629,1981.19,0.39,0.871,0,7,0.15
C01225,61,139089,766,90,Classic,Digital ,13496,1790.61,0.305,0.733,0,8,0.041
C01226,38,52231,739,19,Gold,Branch,9049,1153.17,0.353,0.811,0,8,0.081
C01227,36,67004,671,56,GOLD,Digital,8785,594.78,0.655,0.852,0,8,0.141
C01228,49,103543,749,21,Classic, Digital,14423,1522.39,0.369,0.796,0,,0.135
C01229,65,39804,613,55,Classic,Partner,4453,752.01,0.445,0.716,1,5,0.174
C01230,37,89731,701,34,Gold,Partner,13124,1424.07,0.352,0.8,0,6,0.143
C01231,59,43169,694,25,Classic,direct mail,6666,775.04,0.453,0.932,0,8,0.069
C01232,33,35174,742,22,Classic,Partner,6236,818.63,0.321,0.812,0,,0.234
C01233,30,73894,630,13,Classic,PARTNER,3461,1194.4,0.495,0.763,0,4,0.314
C01234,21,47470,630,49,Classic,Partner,1000,468.85,0.638,0.628,0,8,0.02
C01235,59,93707,654,18,Gold,Branch,12330,1140.41,0.477,0.735,0,9,0.02
C01236,49,97520,652,22,Classic,Direct Mail,9457,1368.73,0.468,0.657,0,10,0.02
C01237,46,130382,734,20,Gold,Direct Mail,19092,2389.99,0.509,0.903,0,7,0.119
C01238,42,124516,621,61,Gold,Partner,13883,1502.06,0.303,0.785,0,7,0.09
C01239,37,81334,640,42, Gold,Partner,9276,1130.89,0.566,0.728,0,8,0.048
C01240,55,103977,601,25,Gold,direct mail,11599,1306.83,0.521,0.6,0,7,0.098
C01241,44,99645,744,37,Platinum,Digital,24771,2261.82,0.213,0.972,0,9,0.02
C01242,28,82567,603,31,Classic,Digital,7758,1316.56,0.534,0.542,0,9,0.02
C01243,57,90124,762,61,Platinum,Digital,22548,2147.39,0.552,0.942,0,6,0.136
C01244,52,92167,717,74,Gold, Partner,13974,1702.12,0.267,0.841,0,8,0.088
C01245,43,75051,658,72,Gold,Digital,9482,1246.62,0.27,0.717,0,5,0.236
C01246,35,143369,702,70,Platinum,Digital,33710,3463.71,0.544,0.762,0,7,0.12
C01247,23,99388,607,29,Gold,Branch,9002,1175.42,0.47,0.641,0,9,0.02
C01248,62,72789,690,68,Classic,Digital,8772,1489.47,0.404,0.72,0,10,0.02
C01249,26,162648,674,88,Platinum ,Partner,34676,3816.48,0.296,0.765,0,5,0.161
C01250,54,118690,639,34,Gold,Digital,17348,1639.46,0.667,0.764,0,7,0.107
C01251,42,78873,633,37,gold,Digital,8888,1392.96,0.648,0.87,0,9,0.02
C01252,54,114409,760,51,Platinum,Digital,27786,2645.8,0.492,0.889,0,6,0.155
C01253,25,43275,690,128,Classic,Branch,1813,276.9,0.465,0.915,0,8,0.057
C01254,51,71446,703,22,Gold,Branch,13870,1386.88,0.229,0.714,0,7,0.134
C01255,43,44732,768,15,Classic,Digital,7215,602.92,0.207,0.891,0,8,0.069
C01256,48,64680,722,8,Gold,Branch,11992,1573.22,0.348,0.754,0,10,0.02
C01257,26,71989,743,27,Gold,Partner,12224,1483.82,0.269,0.973,0,8,0.063
C01258,41,57146,747,67,Gold,Partner,9311,928.85,0.456,0.744,0,9,0.02
C01259,33,124590,667,14,Classic,Branch,11443,1399.36,0.45,0.778,0,10,0.02
C01260,30,69962,592,63,Classic,Digital,5149,894.27,0.456,0.558,1,10,0.02
C01261,64,46644,655,45,Classic,Direct Mail,3623,377.53,0.55,0.461,0,10,0.02
C01262,37,89894,576,46, Classic,Direct Mail,6446,691.77,0.479,0.567,0,10,0.02
C01263,50,41158,658,70,Classic,Digital,2869,157.29,0.624,0.597,0,8,0.028
C01264,49,124992,669,41,Platinum,Branch,26943,2445.92,0.386,0.829,0,10,0.02
C01265,41,87937,679,30,Gold,Partner,13178,1338.51,0.598,0.78,0,10,0.02
C01266,66,74011,651,70,Classic,Partner,4627,469.82,0.598,0.566,0,7,0.12
C01267,39,100294,615,52,Gold,Partner,11509,1604.08,0.455,0.678,0,5,0.212
C01268,44,192136,765,43,Platinum,Direct Mail,40000,4061.42,0.376,0.885,0,8,0.02
C01269,48,104333,592,28,Gold,Partner,8886,1161.0,0.546,0.688,0,10,0.02
C01270,30,83661,655,15,Gold,Digital,10436,1368.57,0.343,0.706,0,9,0.06
C01271,46,57336,781,160,Gold,Branch,14607,1638.19,0.343,0.835,0,8,0.061
C01272,46,28000,701,52,Classic,Partner,6918,927.62,0.557,0.638,0,6,0.163
C01273,34,180766,742,25, Gold,Direct Mail,27239,2941.82,0.303,0.969,0,5,0.213
C01274,22,53097,683,59,Classic,Branch,2682,265.34,0.371,0.594,0,8,0.064
C01275,41,78755,597,6,Classic,Digital,5388,566.17,0.534,0.582,0,7,0.139
C01276,36,86329,581,55,Classic,Branch,1000,150,0.583,0.483,0,,0.161
C01277,49,57076,741,65,Gold,Partner,9384,1041.34,0.283,0.733,0,6,0.089
C01278,51,131211,649,51,Platinum,Direct Mail,25937,2883.12,0.249,0.671,1,6,0.196
C01279,21,42372,604,57,Classic,Branch,1000,341.48,0.604,0.627,0,,0.046
C01280,41,69782,661,76,Gold,Partner,8334,1013.33,0.38,0.673,0,9,0.02
C01281,43,76917,682,72,Gold,Branch,11777,1189.98,0.365,0.73,0,7,0.084
C01282,43,128248,725,15,Classic,Partner,13058,1137.55,0.471,0.877,0,10,0.02
C01283,49,65024,669,11,Classic,Partner,8804,1026.84,0.263,0.888,0,9,0.037
C01284,29,74952,641,27,Gold,Digital,9885,1226.11,0.522,0.763,0,6,0.148
C01285,48,115586,677,48,Platinum, Branch,25232,2896.2,0.385,0.648,0,8,0.04
C01286,57,37532,671,39,Classic,Partner,5182,649.85,0.332,0.879,0,8,0.029
C01287,36,110809,602,87,Gold,Digital,13105,1607.79,0.702,0.727,0,5,0.25
C01288,44,103718,635,147,Gold,Digital,12316,1345.63,0.539,0.72,0,6,0.177
C01289,26,95392,691,19,Gold,Partner,17152,2135.84,0.501,0.728,1,6,0.154
C01290,38,47870,647,18,Classic,Partner,3227,497.03,0.3,0.597,0,6,0.167
C01291,41,66243,685,151,Gold,Digital,10781,1101.58,0.308,0.764,0,8,0.037
C01292,57,150636,747,56,Platinum,Digital,31762,3371.4,0.308,0.883,0,8,0.096
C01293,33,122187,634,53,Gold,Partner,15686,2105.26,0.479,0.678,0,5,0.23
C01294,41,33888,711,120,Classic,Digital,1621,590.64,0.541,0.798,0,7,0.104
C01295,53,66698,644,37,Classic,Digital,1863,310.73,0.537,0.668,0,9,0.02
C01296,33,66646,664,80,Gold,Partner,10224,1465.97,0.396,0.896,0,6,0.163
C01297,36,74540,633,5,Classic,Digital,3851,585.89,0.455,0.641,0,8,0.114
C01298,56,113230,769,44,Platinum,Digital,26775,3217.19,0.371,0.983,0,7,0.108
C01299,36,59698,816,76,Platinum,Digital,19532,1972.78,0.345,0.827,0,6,0.183
C01300,55,92865,715,57,Gold,Partner,15323,1336.69,0.267,0.682,0,4,0.246
C01301,51,80970,571,113,CLASSIC,Partner,2303,150,0.689,0.602,0,8,0.082
C01302,61,38770,777,45,Classic,Partner,6226,845.32,0.373,0.852,0,7,0.081
C01303,32,121707,702,17,Platinum,Digital,27115,2764.41,0.529,0.781,0,9,0.023
C01304,47,53800,688,22,Classic,Direct Mail,8550,881.08,0.413,0.815,0,6,0.163
C01305,39,70106,663,66,Gold,Digital,8825,1524.47,0.49,0.779,0,8,0.038
C01306,21,81112,689,54,Gold,Digital,11211,1352.23,0.457,0.631,0,7,0.121
C01307,25,118201,711,14,Platinum,Partner,25287,2461.07,0.36,0.87,0,7,0.135
C01308,47,28000,773,17,Gold,Digital,7862,687.38,0.327,0.875,0,8,0.147
C01309,21,67378,635,23,Classic,Direct Mail,4567,600.23,0.385,0.526,0,7,0.133
C01310,42,128496,683,17,Gold,Partner,16811,1969.04,0.241,0.607,0,5,0.223
C01311,45,35695,602,61,Classic,Branch,1430,281.95,0.657,0.48,0,8,0.052
C01312,68,76017,634,15,Gold,Branch,9119,1064.55,0.423,0.698,0,7,0.09
C01313,52,59408,706,34,Gold,Digital,6782,972.07,0.284,0.933,0,10,0.02
C01314,58,67649,627,23,Classic,Branch,4862,357.5,0.388,0.727,0,6,0.126
C01315,47,97665,754,13,Platinum,Digital,24683,2416.17,0.304,0.854,0,7,0.128
C01316,30,168299,800,52,Classic,Digital,19114,1987.25,0.318,0.854,0,3,0.348
C01317,44,50515,709,65,Gold,Digital,3995,599.73,0.54,0.714,0,6,0.266
C01318,34,48561,793,65,Gold,Partner,13959,1040.04,0.21,0.892,0,9,0.02
C01319,21,65408,678,99,Classic,Direct Mail,4999,365.2,0.491,0.794,0,5,0.22
C01320,30,57229,674,27,Classic,Digital,3646,784.77,0.272,0.741,0,7,0.114
C01321,42,123729,753,78,Platinum,Digital,27196,3525.04,0.147,0.817,0,8,0.029
C01322,39,157327,723,26,Platinum,Partner,36287,3682.4,0.235,0.984,0,10,0.02
C01323,46,46672,635,25,Classic,Digital,3651,709.32,0.448,0.762,0,7,0.101
C01324,42,67662,623,16,Classic,Partner,3594,566.82,0.704,0.657,0,10,0.02
C01325,39,68415,792,23,Platinum,Partner,17390,1429.83,0.151,0.951,0,8,0.056
C01326,39,82292,773,8,Platinum,Digital,21365,2247.89,0.158,0.93,0,9,0.02
C01327,46,53573,733,47,Gold ,Partner,13723,599.97,0.281,0.801,0,7,0.178
C01328,41,50415,742,80,Gold,Digital,9301,919.1,0.229,0.715,0,,0.238
C01329,39,50686,718,16,Classic,Digital,7256,726.5,0.321,0.682,0,9,0.029
C01330,45,54722,707,42,Gold,Direct Mail,11431,1673.21,0.536,0.849,0,10,0.02
C01331,57,86590,692,21,Classic,Branch,11365,1148.59,0.426,0.952,1,8,0.037
C01332,28,59859,684,48,Gold,Digital,8403,1017.55,0.306,0.717,0,8,0.047
C01333,43,64782,782,19,Gold,Partner,14364,1505.01,0.26,0.846,0,9,0.02
C01334,26,79068,707,39,Gold,Digital,11916,1287.04,0.334,0.806,0,7,0.138
C01335,40,84583,694,29,gold,Direct Mail,16659,1720.15,0.405,0.814,0,6,0.182
C01336,30,90515,690,82,Gold,Digital,11666,1499.95,0.391,0.819,0,9,0.02
C01337,39,44874,669,32,Classic,Digital,3234,283.65,0.309,0.861,0,8,0.02
C01338,33,62922,782,84, Gold,Partner,10393,1094.76,0.113,1.0,0,7,0.117
C01339,38,80471,647,32,Gold,Digital,9938,1553.8,0.484,0.788,0,7,0.12
C01340,61,102032,781,57,Platinum,Partner,26100,2732.67,0.348,0.898,0,9,0.02
C01341,38,51230,617,36,Classic,Partner,2975,150,0.506,0.703,0,4,0.296
C01342,43,53287,674,70,Classic,PARTNER,5557,432.9,0.324,0.831,0,4,0.265
C01343,35,76574,808,38,Platinum,Partner,20346,1858.74,0.297,1.0,0,,0.045
C01344,60,67498,689,80,Gold,Digital,7092,835.19,0.432,0.693,0,7,0.219
C01345,31,57235,804,69,Gold,Digital,11396,1493.32,0.182,0.967,0,4,0.279
C01346,32,31838,585,61,Classic,Branch,1000,171.84,0.424,0.746,1,6,0.16
C01347,34,44935,733,32,Gold,Direct Mail,7324,886.81,0.375,0.962,0,6,0.241
C01348,41,44984,675,27,Classic,BRANCH,1859,735.86,0.402,0.916,0,9,0.02
C01349,36,36554,620,26,Classic,Digital,1000,150,0.556,0.657,0,10,0.02
C01350,55,174460,570,44,Platinum,PARTNER,32073,3427.65,0.505,0.721,0,10,0.02
C01351,49,59215,699,84,Gold,Partner,7841,974.64,0.325,0.872,0,6,0.187
C01352,33,86977,752,13,Platinum,Direct Mail,19232,1876.66,0.212,0.883,0,7,0.134
C01353,46,31057,687,21,Classic,Direct Mail,4323,612.7,0.288,0.821,0,9,0.02
C01354,47,42082,656,41,classic,Direct Mail,3680,562.55,0.336,0.643,0,9,0.02
C01355,21,64193,663,23,Gold,Partner,10040,1038.24,0.737,0.872,0,9,0.02
C01356,45,149631,734,70,Platinum,Branch,36175,3619.94,0.413,0.905,0,10,0.02
C01357,58,74595,715,31,Gold,Digital,12418,1470.41,0.296,0.686,0,10,0.02
C01358,46,81612,581,77,Classic,Branch,4904,563.91,0.688,0.65,1,10,0.02
C01359,48,75033,637,56,Gold,Branch,10562,1051.08,0.717,0.684,0,5,0.244
C01360,31,41209,637,45,Classic,Digital,2934,1146.61,0.37,0.63,0,9,0.031
C01361,55,124848,697,34,Platinum,Direct Mail,22972,2725.88,0.446,0.819,0,8,0.085
C01362,34,42870,682,16,Classic,Partner ,4272,649.12,0.451,0.92,0,6,0.163
C01363,27,44503,679,54,Classic,Branch,5395,150,0.32,0.752,0,9,0.02
C01364,46,76049,653,9,Classic,Branch,5589,567.92,0.304,0.605,0,7,0.159
C01365,35,69543,680,93,Gold,Branch,7889,931.93,0.5,0.737,0,9,0.02
C01366,65,54070,685,36,Classic,Branch,6839,818.79,0.302,0.842,0,7,0.098
C01367,21,77495,622,25,Gold,Digital,6934,1019.42,0.317,0.645,0,6,0.167
C01368,64,79958,620,43,Gold,Branch,8712,1235.37,0.591,0.719,0,8,0.04
C01369,21,104330,735,93,Gold,Partner,18039,1751.65,0.304,0.866,0,8,0.084
C01370,32,71710,579,41,Classic,Branch,1231,150,0.59,0.465,1,7,0.097
C01371,47,77766,627,83,Classic,Digital,7899,898.62,0.299,0.774,0,8,0.047
C01372,57,73485,605,38,Classic,Branch,3574,863.64,0.685,0.613,0,8,0.046
C01373,46,57451,734,117,Gold,Direct Mail,9726,926.97,0.368,0.767,0,5,0.19
C01374,28,68206,679,29,Gold,Branch ,8528,802.21,0.374,0.718,0,7,0.22
C01375,42,54619,651,27,Classic,Branch,5328,414.31,0.515,0.696,1,6,0.157
C01376,37,34689,626,32,Classic,Branch,2612,244.35,0.425,0.587,0,9,0.038
C01377,52,46934,616,52,Classic,Branch,2727,761.86,0.361,0.677,0,9,0.02
C01378,45,37242,698,57,Classic,Digital,4000,591.05,0.466,0.878,0,9,0.02
C01379,33,42519,741,53,Classic,Branch,7108,767.94,0.526,0.882,0,8,0.02
C01380,55,51940,675,17,Classic,Direct Mail,4752,1005.52,0.394,0.762,1,8,0.067
C01381,42,70530,737,83,Gold,Partner,10456,950.07,0.352,0.756,0,8,0.082
C01382,46,82921,660,7,Gold,Direct Mail,13781,1087.13,0.366,0.738,0,8,0.077
C01383,46,122113,734,93,Platinum,Branch,30150,3009.94,0.287,1.0,0,8,0.042
C01384,39,48947,705,20,Gold,Digital,10792,1504.76,0.236,0.692,0,8,0.083
C01385,52,77579,709,13,Gold,Partner,11838,1784.19,0.514,0.732,0,6,0.129
C01386,34,107472,600,38,Gold,Direct Mail,12140,1237.44,0.662,0.694,0,7,0.123
C01387,49,62415,779,29,Gold,Partner,14933,1527.67,0.373,0.989,0,6,0.143
C01388,48,52374,645,86,Classic,Branch,1000,388.77,0.498,0.734,1,8,0.023
C01389,27,121386,775,18,Platinum,Branch ,28630,2800.29,0.287,0.704,0,10,0.02
C01390,75,28000,667,25, Classic,partner,1221,251.78,0.346,0.763,1,8,0.058
C01391,47,64903,711,50,Gold,Digital,10837,1199.53,0.317,0.834,0,8,0.061
C01392,51,60882,661,5,Classic,Digital,5608,754.43,0.405,0.822,0,9,0.077
C01393,42,66435,520,44,Classic,Digital,1104,150,0.613,0.366,0,8,0.047
C01394,21,82694,697,48,Gold,Partner,14569,1765.19,0.451,0.786,0,10,0.02
C01395,39,96624,640,8,Gold,Digital,11187,1039.99,0.482,0.817,0,7,0.145
C01396,38,65304,650,30,Classic ,Branch,6335,957.72,0.341,0.73,0,7,0.111
C01397,33,83537,730,67,Gold,Digital,13004,1311.07,0.262,0.882,0,6,0.153
C01398,28,163104,719,41,Platinum,Direct Mail,34452,3756.41,0.208,0.856,0,6,0.184
C01399,49,89476,655,39,gold,Digital,11137,1321.47,0.289,0.928,1,9,0.02
C01400,42,39509,646,24,CLASSIC,Branch,1000,150,0.525,0.645,0,5,0.191
C01401,44,64505,641,76,Classic,Digital,5424,714.98,0.443,0.667,0,8,0.02
C01402,56,94295,691,34, Gold,Branch,12638,1330.41,0.288,0.772,0,8,0.026
C01403,56,53126,720,60,Gold,Direct Mail,9084,1036.31,0.535,0.805,0,8,0.044
C01404,33,97391,697,18,Gold,Partner,15651,1493.51,0.254,0.772,0,5,0.238
C01405,46,132219,780,17,Platinum,Digital,30687,2805.46,0.512,1.0,0,6,0.124
C01406,40,102194,635,10,Gold,Branch,12577,1857.31,0.449,0.608,0,9,0.02
C01407,31,149106,698,27,Platinum,Digital,31699,3275.12,0.194,0.765,0,7,0.106
C01408,28,100819,713,137,Platinum,Digital,20248,2237.8,0.615,0.856,0,8,0.031
C01409,27,95507,713,59,Platinum,Digital,20529,2023.52,0.559,0.836,0,5,0.222
C01410,52,102965,687,46,Classic,Direct Mail,12085,1511.41,0.486,0.647,0,9,0.02
C01411,25,53424,621,104,Classic,Branch,2808,331.28,0.443,0.551,0,,0.059
C01412,64,56386,715,42,gold,Branch,10899,1319.94,0.488,0.773,0,6,0.157
C01413,58,118997,655,55,Gold,Digital,14076,1829.04,0.338,0.647,0,4,0.228
C01414,42,40368,701,87,Classic,Branch,4207,539.46,0.444,0.78,0,9,0.02
C01415,21,92202,586,120,Gold,Partner,10361,1287.18,0.55,0.58,0,8,0.038
C01416,38,78200,644,25,Gold,Digital,10139,934.17,0.422,0.819,0,4,0.288
C01417,48,74541,686,56,Gold,Digital,10423,1087.96,0.299,0.747,0,8,0.091
C01418,41,134922,640,42,Platinum,Branch,27003,2478.48,0.36,0.75,0,7,0.117
C01419,36,73639,811,44,Platinum,Digital,19150,2054.14,0.26,1.0,0,7,0.108
C01420,53,74158,776,29,Platinum,Partner,21657,1598.4,0.167,0.835,0,6,0.165
C01421,46,54038,745,121,Gold,Digital,10331,1016.26,0.325,0.877,0,4,0.257
C01422,21,134173,724,58,Platinum,Digital,30974,3400.5,0.461,0.816,0,6,0.171
C01423,49,75637,661,59,Gold,Partner,11131,1339.11,0.399,0.67,0,4,0.285
C01424,72,56539,712,44,Gold,Direct Mail,10904,940.56,0.188,0.857,0,7,0.118
C01425,57,111235,695,44,Platinum,Digital,23428,2372.32,0.421,0.733,0,6,0.175
C01426,56,95344,743,72,Classic,Partner,10857,1525.72,0.647,0.745,0,7,0.135
C01427,62,71057,733,51,Gold,Partner,13232,1361.55,0.282,0.805,0,8,0.022
C01428,70,92471,674,34,Gold,Branch,14923,1254.69,0.514,0.723,0,7,0.097
C01429,49,96341,573,30, Gold,Partner,12391,1675.32,0.451,0.721,0,7,0.065
C01430,47,86771,730,50,Gold,Direct Mail,14149,1861.61,0.37,0.688,0,10,0.02
C01431,30,41937,698,4,Classic,Direct Mail,6265,352.66,0.416,0.854,0,7,0.15
C01432,41,47565,679,13,Classic,Branch,4959,723.17,0.507,0.651,1,6,0.182
C01433,33,92815,662,26,Gold,Branch,8974,1053.95,0.27,0.668,0,8,0.03
C01434,39,55561,694,22,Classic,Digital,6417,568.54,0.517,0.942,0,5,0.217
C01435,31,121063,723,92,Classic,Digital,11892,1267.69,0.46,0.798,0,6,0.162
C01436,21,52441,614,38,Classic,Digital,1400,150,0.713,0.766,0,7,0.099
C01437,46,100712,683,45,gold,Partner,15806,1846.74,0.482,0.766,0,7,0.123
C01438,32,96116,730,73,Platinum,Branch,19086,1663.67,0.392,0.647,0,6,0.16
C01439,39,57462,656,60,CLASSIC,Digital,3357,723.52,0.654,0.718,0,10,0.02
C01440,44,213893,614,7,Platinum,Direct Mail,40000,4715.54,0.655,0.675,0,8,0.083
C01441,30,52744,680,40,Classic,Digital,4284,956.27,0.367,0.855,0,9,0.02
C01442,49,51461,705,60,Gold,Direct Mail,8924,699.89,0.448,0.859,0,9,0.058
C01443,46,96937,796,55,Platinum,Digital,26357,2464.85,0.165,0.999,0,9,0.02
C01444,46,218106,696,28,Platinum,Direct Mail,40000,4079.31,0.432,0.811,0,8,0.06
C01445,32,129477,644,45,platinum,Branch,22977,2772.95,0.701,0.588,1,7,0.108
C01446,33,45774,553,166,Classic,Digital,2341,387.52,0.521,0.563,1,8,0.02
C01447,28,101454,762,29,Platinum,Branch,23744,2167.97,0.566,0.93,0,9,0.02
C01448,58,67063,791,24,Gold,Digital,11891,1259.58,0.314,0.969,0,8,0.06
C01449,26,37594,596,25,Classic,Branch,2296,216.03,0.534,0.709,1,7,0.151
C01450,43,36382,658,7,Classic ,Partner,3752,427.71,0.285,0.798,0,5,0.262
C01451,21,62780,770,51,Gold,Branch,14860,1391.77,0.298,0.869,0,6,0.154
C01452,48,103486,587,23,Gold, Digital,9843,1108.1,0.614,0.669,0,7,0.069
C01453,47,41438,752,119,Gold,Branch,6393,878.41,0.295,1.0,0,6,0.211
C01454,41,80202,755,79,Gold,Partner,13670,1650.3,0.296,0.972,0,10,0.02
C01455,27,35936,655,22,Classic,Partner,1107,150,0.339,0.615,0,,0.194
C01456,51,65297,682,53,Gold,Direct Mail,8477,814.48,0.315,0.737,1,7,0.184
C01457,31,49473,644,6,Classic,Partner,1285,548.27,0.41,0.742,0,7,0.115
C01458,66,127862,687,113,Platinum,Digital,28130,3166.66,0.266,0.84,0,9,0.02
C01459,67,95000,659,75,Classic,Digital,7704,954.65,0.602,0.668,0,7,0.084
C01460,53,75056,676,71,Gold,Partner,9002,1146.24,0.287,0.685,0,4,0.263
C01461,61,40296,690,16,Classic,Digital,5691,589.77,0.53,0.69,0,6,0.163
C01462,43,67356,714,65,Gold,Digital,10563,1109.43,0.344,0.718,0,7,0.163
C01463,41,70376,740,51,Classic,Partner,6714,345.41,0.353,0.922,0,4,0.274
C01464,60,46071,703,39,Classic,Branch,6105,752.08,0.517,0.878,0,7,0.168
C01465,36,39153,636,40,Classic,Digital,3530,396.34,0.324,0.81,0,7,0.087
C01466,30,74846,702,79,Gold ,DIGITAL,11124,1055.31,0.382,0.881,0,7,0.133
C01467,31,123010,703,19,Platinum,Partner,25692,2824.84,0.387,0.843,0,8,0.035
C01468,33,75082,691,45,GOLD,Branch,9531,634.46,0.512,0.727,0,9,0.124
C01469,24,100625,725,36,Platinum,Partner,22772,2137.3,0.261,0.929,0,6,0.128
C01470,35,66619,684,67,Gold,Partner,8969,1172.25,0.364,0.699,0,6,0.158
C01471,39,49583,718,76,Classic,Branch,9243,1098.72,0.254,0.682,0,7,0.098
C01472,35,28000,679,46,Classic,Digital,1510,150,0.328,0.629,0,7,0.14
C01473,33,156296,707,35,Gold,Digital,22702,2081.43,0.354,0.779,0,7,0.075
C01474,43,76467,669,7,Gold,Digital,4356,155.04,0.328,0.653,0,7,0.261
C01475,40,56718,671,36,Classic,Direct Mail,4334,649.17,0.526,0.707,0,,0.1
C01476,43,66870,705,73,Gold,Branch,10666,1051.81,0.305,0.662,0,6,0.161
C01477,37,118596,702,29,Classic,Digital,11509,1677.16,0.528,0.684,0,,0.158
C01478,50,63925,720,48,Gold,Digital,13223,1998.0,0.314,0.788,0,7,0.091
C01479,25,42351,673,43,Classic,Partner,4908,246.07,0.446,0.708,0,6,0.159
C01480,26,68313,714,50,Gold,Digital,12374,805.09,0.474,0.734,0,9,0.065
C01481,35,53369,677,30,Classic,Digital,5894,509.68,0.487,0.729,0,6,0.147
C01482,49,62977,665,40,Classic,Direct Mail,5292,256.38,0.436,0.741,0,7,0.085
C01483,40,53280,573,63,Classic,Direct Mail,3001,150,0.635,0.524,0,9,0.02
C01484,57,173055,760,63,Platinum,Branch,40000,4096.57,0.381,0.938,0,7,0.079
C01485,75,101794,758,43,Platinum,Digital,22787,2547.65,0.443,0.909,0,10,0.02
C01486,48,75467,832,24, Platinum,Partner,17956,1910.37,0.212,1.0,0,7,0.07
C01487,36,172421,663,11,Platinum,Digital,35339,3157.07,0.664,0.792,0,8,0.086
C01488,35,54628,631,33,Classic,Branch,4128,150,0.464,0.71,1,9,0.02
C01489,48,88536,621,67,Classic,Branch,4096,556.93,0.336,0.778,0,8,0.052
C01490,54,59615,659,46,Classic,Direct Mail,4402,408.14,0.469,0.801,1,7,0.103
C01491,31,28000,740,84,Classic,Digital,5513,835.06,0.357,0.802,0,9,0.02
C01492,27,52956,676,28,Classic,Direct Mail,2351,337.44,0.418,0.92,0,,0.184
C01493,55,119268,719,33,Classic,Digital,11444,1323.41,0.253,0.826,0,4,0.27
C01494,37,82622,664,65,Gold,Partner,9430,929.93,0.244,0.738,0,5,0.223
C01495,21,163194,693,44,Platinum,Branch,33782,3228.09,0.325,0.802,0,9,0.02
C01496,59,56544,634,5,CLASSIC,Branch,5154,1241.29,0.578,0.581,1,7,0.181
C01497,47,63504,690,105,Gold,Partner,11356,1601.14,0.407,0.704,0,7,0.13
C01498,47,36193,708,33,Classic,Digital,4848,299.59,0.387,0.694,1,6,0.164
C01499,28,66404,678,6,Gold,Digital,8177,840.09,0.32,0.814,0,6,0.261
C01500,44,61516,713,102,Gold,Partner,6672,793.05,0.319,0.686,0,7,0.164
C01501,42,66741,729,46,Gold,Digital,11586,1098.45,0.463,0.832,0,6,0.168
C01502,44,195293,806,45,Platinum,Digital,40000,4265.92,0.304,1.0,0,8,0.061
C01503,41,34696,681,56,Classic,Digital,4310,591.28,0.356,0.763,0,8,0.042
C01504,22,56677,741,10,Gold,Digital,12023,1354.73,0.299,0.963,0,7,0.139
C01505,51,128184,712,45,Classic,Direct Mail,13012,1508.23,0.266,0.791,0,10,0.02
C01506,47,160885,615,62,Platinum,Digital,33201,3438.21,0.599,0.679,0,8,0.02
C01507,31,90135,713,49,Gold,Digital,14682,1439.99,0.435,0.612,0,8,0.083
C01508,36,99292,712,60,Platinum,Digital,22114,2156.13,0.504,0.553,0,8,0.053
C01509,37,140896,624,19,Platinum,digital,28411,3149.26,0.593,0.615,0,6,0.187
C01510,40,90846,657,92,Gold,Digital,10708,1495.62,0.493,0.748,0,7,0.105
C01511,27,79526,712,25,Gold,Digital,10284,1299.12,0.262,0.807,0,6,0.172
C01512,37,62580,702,29,Gold,Partner,10024,968.89,0.21,0.872,0,8,0.045
C01513,36,51741,736,52,Gold,Branch,9065,1182.41,0.323,0.82,0,7,0.133
C01514,54,64036,780,62,Gold,Digital,14887,1503.36,0.487,0.952,0,6,0.134
C01515,42,76378,640,38,Classic,Branch,3478,936.58,0.452,0.594,0,6,0.165
C01516,39,78229,662,15,Gold,Partner,13195,1423.13,0.432,0.727,0,6,0.183
C01517,39,60558,699,94,Gold,Digital,6303,862.02,0.326,0.838,0,4,0.366
C01518,44,68513,587,21,Classic,Digital,3210,384.48,0.485,0.591,0,7,0.094
C01519,46,79604,733,15,Gold,Digital,13417,736.79,0.484,0.764,0,7,0.17
C01520,58,97956,686,16,Gold,Digital,13157,1787.38,0.445,0.752,0,7,0.1
C01521,57,30222,677,24,Classic,Branch,1225,150,0.374,0.768,0,9,0.024
C01522,24,101726,692,32,Classic,Digital,7648,851.21,0.47,0.804,0,7,0.145
C01523,52,129074,732,71,Classic,Digital,17370,1769.97,0.236,0.758,0,7,0.098
C01524,31,136304,669,17,Platinum,Digital,28345,3021.8,0.328,0.802,0,6,0.115
C01525,42,72138,752,34,Gold,Branch,10801,1230.2,0.263,0.842,0,7,0.14
C01526,39,72731,666,19,Gold,Digital,9361,1345.83,0.362,0.719,0,4,0.265
C01527,50,38729,619,61,Classic,Direct Mail,2294,478.78,0.622,0.729,0,7,0.11
C01528,32,71949,640,62,Classic,Branch,3994,554.31,0.447,0.802,0,7,0.116
C01529,21,115274,604,39,Gold,Partner,13328,1800.79,0.59,0.523,0,10,0.02
C01530,23,61583,732,44,Gold,Digital,11143,1059.0,0.268,0.891,0,8,0.02
C01531,46,130092,691,57,Platinum,Partner,29091,2827.76,0.436,0.79,0,5,0.207
C01532,41,87474,591,50,Classic,Digital,3690,602.55,0.464,0.661,0,8,0.08
C01533,55,75067,588,95,Classic,Digital,5374,571.43,0.348,0.652,1,7,0.109
C01534,72,51165,651,46,Classic,Direct Mail,4749,686.93,0.605,0.673,0,7,0.1
C01535,50,38703,679,26,Classic, Partner,5263,493.54,0.381,0.668,0,10,0.02
C01536,27,49889,650,57,Classic,Digital,4053,530.96,0.471,0.659,0,10,0.02
C01537,31,74526,567,43,Classic ,Digital,4890,569.07,0.586,0.572,0,8,0.064
C01538,41,85086,743,65,Platinum,Digital,17789,2514.39,0.395,0.75,0,7,0.083
C01539,45,65571,767,47,Gold,Partner,11334,785.27,0.284,0.867,0,7,0.191
C01540,49,48429,717,47,Gold,Branch,7421,850.1,0.556,0.688,0,6,0.278
C01541,32,86012,692,52,Gold,Digital,10548,1052.79,0.374,0.887,0,5,0.217
C01542,52,136845,749,77,Platinum,Partner,29815,3025.9,0.454,0.851,0,7,0.074
C01543,35,159175,642,36,Platinum,Digital,31309,2943.07,0.303,0.737,0,9,0.02
C01544,45,127764,748,44,Platinum,Digital,31404,3036.37,0.351,0.763,0,7,0.092
C01545,45,31529,563,12,Classic,Direct Mail,1000,218.61,0.507,0.69,1,5,0.216
C01546,60,31801,662,25,Classic,Partner,3363,409.71,0.389,0.632,0,9,0.032
C01547,36,52826,733,52,Gold,Direct Mail,12416,641.45,0.246,0.942,0,9,0.03
C01548,40,89765,639,89,Gold,branch,9361,1032.72,0.413,0.685,0,8,0.073
C01549,56,118727,736,19,Platinum,Branch,27850,3185.42,0.413,0.915,1,6,0.179
C01550,58,86495,658,37,Gold,Direct Mail,11279,1766.3,0.289,0.548,0,9,0.02
C01551,39,30210,689,23,Classic,Direct Mail,2411,650.83,0.434,0.905,0,8,0.07
C01552,40,65564,638,62,Classic,Branch,5710,672.22,0.436,0.767,0,6,0.105
C01553,39,75294,678,22,Gold,Digital,6831,1045.68,0.503,0.693,0,8,0.02
C01554,55,83771,619,14,Gold,Partner,8961,668.73,0.467,0.572,0,,0.196
C01555,35,82518,705,14,Classic,Direct Mail,4334,776.74,0.249,0.863,0,10,0.02
C01556,60,50138,639,44,Classic,Direct Mail,1425,864.03,0.484,0.624,0,6,0.172
C01557,48,83696,567,48,Classic,Digital,2123,150,0.375,0.536,1,8,0.041
C01558,58,134910,565,26,Gold,Branch,14884,1447.81,0.526,0.704,0,6,0.157
C01559,39,96674,696,35,Gold,Direct Mail,10846,1537.33,0.36,0.769,0,2,0.414
C01560,52,52792,652,33,CLASSIC,Partner,1516,172.14,0.315,0.581,0,7,0.087
C01561,46,97195,717,71,Gold,Digital,11412,1530.53,0.587,0.825,0,6,0.192
C01562,34,35397,655,31,Classic,Branch,1000,150,0.437,0.695,0,7,0.115
C01563,49,71187,641,37,Gold,Digital,6580,1332.95,0.4,0.705,0,6,0.15
C01564,29,50755,627,35,Classic,Direct Mail,3974,708.87,0.457,0.74,0,8,0.026
C01565,29,96940,635,32,GOLD,Partner,12161,1950.61,0.572,0.678,0,8,0.02
C01566,41,50110,663,84,Classic,Direct Mail,6395,1064.34,0.322,0.748,0,5,0.233
C01567,53,50122,694,59,Classic,Branch,5212,427.55,0.318,0.759,0,6,0.171
C01568,65,54009,655,17,Classic,Digital,3852,759.01,0.366,0.976,0,4,0.266
C01569,28,52738,667,98,Classic,Digital,3301,794.13,0.53,0.742,0,6,0.163
C01570,59,41298,648,26,Classic,Digital,1000,438.08,0.545,0.614,0,6,0.151
C01571,39,95525,666,38,Classic,Direct Mail,6891,1135.06,0.524,0.856,0,7,0.1
C01572,37,65157,719,53,Gold,partner,14662,1580.21,0.394,0.897,0,,0.039
C01573,60,99229,701,36,Gold, Digital,13946,1301.55,0.593,0.844,0,5,0.222
C01574,41,49656,712,63, Gold,Partner,7782,1152.45,0.527,0.74,0,8,0.037
C01575,22,105113,705,80,Platinum,Digital,21577,1981.92,0.441,0.861,0,9,0.02
C01576,61,46443,653,1,Classic,Direct Mail,4122,689.1,0.681,0.825,0,10,0.03
C01577,24,102487,734,19,Classic,Branch,14218,1547.99,0.312,0.968,0,5,0.222
C01578,52,87707,719,40,Gold,Branch,12749,1540.87,0.441,0.907,0,8,0.086
C01579,38,83842,591,56,Classic, Partner,4006,603.08,0.517,0.584,0,6,0.125
C01580,31,54955,764,11,Gold,Branch,9695,1128.34,0.371,0.925,0,8,0.02
C01581,41,92969,520,34,Classic,Direct Mail,3121,451.58,0.632,0.427,2,9,0.02
C01582,31,121886,701,31,Platinum,Partner,22025,2045.81,0.491,0.817,0,9,0.02
C01583,46,55701,712,43,Gold,Direct Mail,8317,1160.55,0.372,0.8,0,8,0.076
C01584,40,30275,655,44,Classic,Digital,1115,150,0.242,0.761,0,8,0.03
C01585,29,114993,688,29,Platinum,Partner,25577,2585.27,0.417,0.698,0,7,0.172
C01586,43,33438,731,37,Classic,Digital,4687,514.27,0.185,0.831,2,9,0.02
C01587,44,71972,640,23,Gold,Digital,7947,1052.46,0.447,0.729,0,10,0.02
C01588,48,110389,747,68,Platinum,branch,28469,2868.38,0.295,0.793,0,7,0.121
C01589,49,146037,734,60,Platinum,Digital,34122,3847.79,0.296,0.811,0,7,0.099
C01590,38,62902,619,48,Classic,Digital,2245,500.32,0.41,0.618,0,7,0.095
C01591,45,52204,668,31,Classic,Digital,4471,210.74,0.322,0.83,0,9,0.02
C01592,21,73611,569,49,classic,Branch,3219,661.6,0.551,0.581,1,7,0.129
C01593,50,30952,652,18,Classic,Direct Mail,7250,241.68,0.444,0.799,0,10,0.02
C01594,65,31743,572,47,Classic,Digital,1000,150,0.516,0.661,0,8,0.045
C01595,32,50901,625,36,Classic,Digital,1000,150,0.623,0.686,0,10,0.02
C01596,30,67887,735,37,Gold,Digital,15804,1268.19,0.298,0.835,0,6,0.168
C01597,53,44871,655,50,Classic,Direct Mail,1229,374.32,0.35,0.688,0,6,0.161
C01598,30,37240,670,13,Classic,Digital,3302,522.22,0.514,0.703,0,10,0.02
C01599,43,207580,773,16,Platinum,Branch,40000,4589.27,0.219,0.942,0,6,0.156
C01600,40,136753,751,17,Platinum,Digital,30004,3075.91,0.311,0.784,0,10,0.02
C01601,40,128346,611,63,Gold,Branch,13733,1550.94,0.526,0.796,1,7,0.095
C01602,53,58640,717,19,Gold,Digital,11740,1365.31,0.293,0.796,0,10,0.02
C01603,35,61282,722,25,Gold,Digital,10177,966.96,0.222,0.803,0,7,0.104
C01604,39,122974,651,25,Platinum,Partner,23668,2990.84,0.471,0.74,0,8,0.073
C01605,45,90788,562,12,Classic,Partner,4761,754.14,0.563,0.653,0,9,0.02
C01606,22,244987,691,49,Platinum,branch,40000,4658.85,0.317,0.777,0,8,0.047
C01607,71,106794,659,58,Gold,Partner,12565,1423.03,0.341,0.71,0,8,0.066
C01608,50,72053,684,79,Gold,Digital,9496,1135.37,0.547,0.796,0,5,0.216
C01609,50,68793,706,9,Gold,Direct Mail,13867,1771.81,0.607,0.875,0,7,0.093
C01610,41,41472,727,16,Gold,Digital,5359,655.56,0.206,0.881,0,8,0.15
C01611,59,99552,624,65,Gold,Partner,11623,1378.06,0.489,0.825,0,8,0.067
C01612,62,109714,720,64,Platinum,Direct Mail,23103,2666.08,0.333,0.738,0,6,0.161
C01613,28,51680,700,30,Gold,Digital,4254,765.46,0.5,0.805,0,9,0.025
C01614,49,55682,649,59,Classic,Direct Mail,4369,529.51,0.546,0.784,0,8,0.062
C01615,54,65464,771,94,GOLD,Partner,13073,1283.27,0.285,1.0,0,6,0.184
C01616,49,78813,690,31,Classic,Partner,8479,968.23,0.429,0.838,0,8,0.057
C01617,40,43183,599,83,Classic,Digital,3098,215.76,0.372,0.606,1,5,0.244
C01618,42,60820,755,62,Gold,Direct Mail,14663,1711.25,0.448,0.811,0,6,0.115
C01619,43,39366,635,12,Classic,Digital,1000,535.32,0.468,0.712,1,7,0.077
C01620,60,34175,652,36,Classic,Branch,3192,506.52,0.44,0.838,0,,0.02
C01621,46,116882,668,87,Platinum,Partner,21475,2327.34,0.465,0.758,0,5,0.211
C01622,38,61431,593,21,Classic,Branch,1008,201.6,0.729,0.675,0,8,0.035
C01623,54,101890,720,27,Platinum,Partner,23975,2580.5,0.474,0.729,0,,0.175
C01624,32,105876,688,9,Platinum,Digital,24601,2451.99,0.226,0.783,0,,0.032
C01625,44,105079,723,38,Platinum,Branch,23398,2316.65,0.392,0.843,0,8,0.054
C01626,29,85158,695,42,Gold,Partner,11197,1088.88,0.464,0.682,1,9,0.02
C01627,36,66293,654,55,Gold,Digital,9116,699.03,0.545,0.761,1,9,0.098
C01628,42,67489,642,34,Classic,Branch,3083,195.09,0.505,0.772,0,7,0.128
C01629,22,125792,677,95,Platinum,Digital,28941,2933.7,0.35,0.858,0,6,0.215
C01630,40,85133,763,132,Platinum,Digital,22314,2211.18,0.449,0.881,0,9,0.02
C01631,52,64502,645,64,Classic,Direct Mail,3867,656.73,0.366,0.629,0,7,0.147
C01632,49,130185,738,13,Platinum,Digital,27483,3008.56,0.38,0.883,0,4,0.281
C01633,53,39995,638,76,Classic,Digital,1740,534.19,0.535,0.736,0,7,0.104
C01634,45,41676,723,30,Classic,Partner,4121,478.14,0.238,0.941,0,7,0.091
C01635,55,153149,745,44,Gold,Partner,21563,2392.49,0.216,0.878,0,6,0.175
C01636,33,36522,619,62,Classic,Partner,3736,939.69,0.492,0.785,0,10,0.02
C01637,41,79030,686,14,Gold,Digital,8930,913.07,0.658,0.728,0,9,0.02
C01638,43,46151,802,76,Gold,Branch,12655,1123.2,0.21,0.951,0,7,0.055
C01639,24,87942,688,45,Gold,Branch,12317,1565.72,0.261,0.739,0,7,0.085
C01640,50,50613,650,28,Classic,Digital,4268,411.28,0.338,0.753,0,7,0.088
C01641,33,70829,695,61,Gold,Digital,11141,1595.54,0.339,0.804,0,6,0.205
C01642,41,77403,708,24,Gold,Digital,9417,955.65,0.466,0.744,0,8,0.045
C01643,32,55857,611,16,Classic,Direct Mail,2600,341.25,0.461,0.619,0,10,0.02
C01644,46,70832,682,72,Gold,Partner,6573,1235.92,0.333,0.797,0,8,0.049
C01645,38,82319,694,35,Gold,Digital,10866,1085.46,0.37,0.766,1,8,0.022
C01646,21,108252,652,36,Gold,Digital,12071,2060.44,0.335,0.639,0,9,0.02
C01647,23,125007,683,77,Platinum,Partner,28748,2706.38,0.309,0.9,0,9,0.039
C01648,56,69026,609,44,Classic,Digital,5531,815.16,0.716,0.738,1,,0.02
C01649,41,49835,713,66,Gold,Branch,5647,574.92,0.271,0.839,0,7,0.192
C01650,42,65641,599,41,Classic,DIGITAL,5600,650.74,0.517,0.672,0,7,0.119
C01651,52,81208,651,94,Classic,Partner,8151,1160.04,0.441,0.737,0,7,0.135
C01652,34,129446,730,27,Platinum,Partner,24702,2907.85,0.355,0.82,0,7,0.165
C01653,65,89794,624,89,gold,Branch,12098,1503.72,0.429,0.737,1,7,0.145
C01654,25,29832,723,47,Classic,Branch,4451,741.16,0.477,0.718,0,,0.02
C01655,56,128302,686,36,Platinum,Branch,29083,3304.02,0.421,0.751,0,10,0.02
C01656,30,89167,677,25,Gold,Direct Mail,12873,1368.49,0.432,0.846,0,7,0.083
C01657,28,50606,616,53,Classic,Digital,3661,513.2,0.541,0.663,0,5,0.184
C01658,28,74940,697,14,Gold,Digital,10974,1253.63,0.259,0.661,0,8,0.08
C01659,39,151551,651,30,Platinum,Digital ,28717,3082.71,0.527,0.836,0,6,0.16
C01660,21,68495,650,91,Gold,Branch,7085,997.88,0.512,0.748,0,8,0.062
C01661,45,92448,628,11,Gold,Digital,12095,850.6,0.572,0.659,0,7,0.239
C01662,43,32480,707,86,Classic,Partner,3004,626.54,0.671,0.787,0,10,0.02
C01663,58,91335,575,28,Classic,Partner,5822,821.58,0.501,0.564,1,6,0.151
C01664,50,143385,759,42,Platinum,Partner,35990,3662.12,0.286,0.682,0,10,0.02
C01665,30,121373,713,42,Platinum,Digital,24533,2584.89,0.467,0.703,0,8,0.035
C01666,52,41680,635,36,Classic,DIGITAL,3523,498.21,0.537,0.708,0,9,0.02
C01667,37,73671,682,79,Gold ,Digital,13447,1597.81,0.337,0.916,0,10,0.02
C01668,37,162416,757,52,Classic,Branch,18609,1981.84,0.232,0.844,0,,0.126
C01669,44,189147,736,11,Classic,Direct Mail,17036,1749.09,0.344,0.739,0,10,0.02
C01670,21,35428,678,59,Classic,Branch,6341,654.48,0.367,0.708,0,8,0.059
C01671,26,28000,699,59,Classic,Digital,2193,150,0.369,0.807,0,7,0.09
C01672,37,137550,628,45,Classic,Branch,10150,1550.64,0.379,0.728,0,8,0.032
C01673,36,72897,682,28,Gold,Branch,11394,1788.3,0.33,0.669,0,9,0.02
C01674,47,101148,718,23,Platinum,Direct Mail,23197,2928.5,0.482,0.842,0,5,0.223
C01675,38,67493,638,8,Classic,Branch,8310,834.56,0.507,0.816,0,7,0.138
C01676,40,66989,700,108,Gold,Partner,8285,961.89,0.323,0.815,0,7,0.117
C01677,50,70295,691,50,Classic,BRANCH,6865,495.44,0.445,0.803,0,10,0.02
C01678,24,79236,765,89,Platinum,Digital,17564,1669.1,0.338,0.924,0,7,0.108
C01679,41,79177,700,77,Gold,Partner,12146,1401.87,0.318,0.719,0,6,0.121
C01680,33,159975,642,33,Platinum,Digital,28558,3380.01,0.604,0.765,0,7,0.073
C01681,24,73799,683,33,Gold,Branch,8753,1330.25,0.466,0.803,0,7,0.102
C01682,50,28000,726,35,Classic,Branch,4033,343.53,0.395,0.788,0,6,0.142
C01683,50,62518,691,44,Gold,Direct Mail,6911,726.3,0.729,0.945,0,7,0.182
C01684,52,134871,746,17,Platinum,Partner,30873,3265.4,0.274,0.856,0,8,0.041
C01685,30,28000,625,47,Classic,Partner,1000,168.35,0.412,0.772,0,6,0.166
C01686,39,66185,623,77,Classic,Branch,3976,474.31,0.415,0.716,1,6,0.13
C01687,35,42907,719,35,Classic,Branch,2545,410.43,0.414,0.747,0,6,0.182
C01688,30,48113,673,50,Classic,Digital,5199,1189.56,0.232,0.81,0,4,0.253
C01689,60,87204,608,31,Gold,Direct Mail ,13284,1313.05,0.659,0.623,2,8,0.071
C01690,21,58578,702,35,Gold,Digital ,8339,887.32,0.348,0.738,0,9,0.08
C01691,21,32937,815,44,GOLD,Digital,10405,991.77,0.184,0.857,0,6,0.153
C01692,48,57724,711,19,Gold,digital,10040,1027.22,0.339,0.918,0,9,0.02
C01693,43,184215,705,44,Platinum,Digital,39435,4482.35,0.313,0.794,0,9,0.02
C01694,31,99830,656,34,Gold,Digital,12765,1620.66,0.295,0.788,0,9,0.02
C01695,32,126129,635,29,Platinum, Direct Mail,23074,2813.81,0.307,0.798,0,7,0.138
C01696,37,121032,697,57,Classic,Partner,13931,1977.12,0.464,0.759,0,8,0.02
C01697,40,120167,686,45,Platinum,Digital,25644,2603.55,0.386,0.672,0,6,0.16
C01698,28,65372,715,11,Gold ,Direct Mail,10993,1425.28,0.429,0.932,0,8,0.084
C01699,47,115713,673,99,Platinum,Digital,26457,3011.23,0.338,0.704,0,8,0.071
C01700,33,101633,644,49,Gold,direct mail,12185,1658.98,0.399,0.748,0,6,0.145
C01701,49,75356,695,49,Classic,Digital,12017,1026.85,0.343,0.657,0,7,0.069
C01702,52,88909,706,12,Gold ,Digital,13821,1123.27,0.406,0.694,0,,0.091
C01703,37,148610,636,103,Platinum,PARTNER,30785,2987.19,0.337,0.631,0,7,0.111
C01704,60,41010,593,27,Classic,Partner,5629,706.67,0.436,0.517,1,6,0.135
C01705,53,67586,568,40,Classic,Branch,1000,150,0.559,0.53,1,10,0.02
C01706,50,38293,707,57,Classic,Branch,5017,395.83,0.272,0.69,0,9,0.02
C01707,32,33875,640,26, Classic,Branch,1000,749.86,0.335,0.75,0,8,0.064
C01708,58,63017,675,37,Gold,partner,8950,883.91,0.416,0.682,0,8,0.101
C01709,30,109216,750,180,Platinum,Branch,23193,2723.14,0.245,0.878,0,6,0.188
C01710,60,30713,611,130,Classic,Branch,1000,517.76,0.382,0.529,1,5,0.229
C01711,56,42419,599,34,Classic,Branch,7310,1031.26,0.485,0.613,0,6,0.17
C01712,39,68514,835,6,Platinum,Direct Mail,23041,1841.1,0.12,0.845,0,6,0.257
C01713,35,227601,746,20,Gold,Branch,34225,4086.06,0.307,0.828,0,7,0.101
C01714,58,28719,638,39,Classic,Partner,3521,425.5,0.435,0.616,0,6,0.144
C01715,54,73649,614,29,Classic,Digital,6747,643.98,0.561,0.598,0,7,0.093
C01716,47,80810,588,21,Classic,Digital,4880,462.31,0.465,0.688,0,7,0.182
C01717,53,39022,750,42,Gold,Digital ,8174,420.6,0.397,0.838,0,8,0.121
C01718,33,173838,715,60,Platinum,Digital,37936,4323.39,0.267,0.805,0,5,0.196
C01719,39,40198,684,37,CLASSIC,Branch,1000,294.89,0.504,0.873,1,5,0.256
C01720,47,71795,756,22,Gold,Partner,17127,1765.19,0.239,0.865,0,5,0.198
C01721,38,74573,610,19,Classic,Partner,3629,200.08,0.578,0.719,0,7,0.096
C01722,41,35599,687,23,Classic,Direct Mail,7306,712.76,0.391,0.81,0,8,0.053
C01723,42,119997,637,148,Gold,Partner,13625,1766.19,0.641,0.793,0,9,0.056
C01724,21,101072,740,22, Platinum,Digital,26531,2289.54,0.253,0.782,0,4,0.275
C01725,61,46052,738,27,Gold,Partner,8052,334.2,0.286,0.89,1,6,0.263
C01726,23,43689,646,32,Classic,Partner,1748,486.93,0.292,0.798,0,9,0.02
C01727,32,165941,737,92,Platinum,Partner,39049,3856.42,0.267,0.819,0,9,0.02
C01728,28,120941,653,18,Platinum,Digital,24600,2734.43,0.56,0.857,0,7,0.116
C01729,39,110796,660,113,Gold,Direct Mail,12980,1295.17,0.381,0.869,2,8,0.021
C01730,24,104871,674,16,Gold,Branch,14964,1778.62,0.372,0.741,0,5,0.229
C01731,34,67140,695,10,Gold,Partner,10971,880.17,0.221,0.75,0,8,0.117
C01732,40,61401,613,26,Classic,Digital,5342,541.4,0.639,0.717,0,6,0.15
C01733,44,68944,643,62,Classic,Digital,4736,283.33,0.428,0.502,0,6,0.175
C01734,21,52767,661,15,Classic,Digital ,3650,260.42,0.448,0.716,0,9,0.02
C01735,39,138771,733,49,Platinum,Digital ,30626,3199.99,0.336,0.885,0,7,0.028
C01736,41,84714,705,13,Gold, Partner,11595,1246.48,0.26,0.762,2,9,0.02
C01737,38,42095,756,44,Classic,Digital,5610,270.14,0.205,0.878,0,8,0.04
C01738,36,127514,674,27,Platinum,Digital,25687,2874.81,0.448,0.792,0,7,0.117
C01739,22,96161,716,48,Classic,Branch,8687,894.98,0.459,0.812,0,7,0.109
C01740,58,68896,694,35,Gold,Digital,7851,885.63,0.5,0.828,0,6,0.242
C01741,46,118181,729,19,Platinum,Branch,26871,2999.49,0.464,0.904,0,6,0.202
C01742,42,52652,642,43,Classic,Digital,2955,824.99,0.428,0.757,0,8,0.02
C01743,59,59327,651,34,Classic,Branch,5532,606.33,0.446,0.764,0,8,0.06
C01744,21,132096,772,108,Platinum,Digital,29312,2645.11,0.337,0.837,0,9,0.051
C01745,36,114866,610,99,Gold,Direct Mail,13656,1803.69,0.642,0.571,0,7,0.109
C01746,43,142351,740,47,Platinum,Direct Mail,33330,3181.56,0.324,0.786,0,10,0.02
C01747,45,75442,705,5,Gold,Digital,8510,771.61,0.445,0.803,0,6,0.276
C01748,31,63305,709,49,Gold,Partner,11511,617.35,0.179,0.82,0,7,0.186
C01749,40,49209,554,26,Classic,Digital,1000,376.86,0.501,0.671,0,8,0.061
C01750,53,101833,558,54,Gold,Partner,8405,1180.95,0.457,0.659,0,5,0.214
C01751,45,77848,676,28,Gold,Direct Mail,11685,1331.62,0.3,0.733,0,8,0.056
C01752,47,57234,719,50,Gold,Digital,8126,1016.32,0.438,0.788,0,8,0.045
C01753,45,31236,800,103,Gold,Digital,8628,1116.38,0.367,0.899,0,,0.092
C01754,25,62533,705,37,Gold,Direct Mail,9064,417.43,0.314,0.753,1,7,0.135
C01755,41,95307,721,31,Platinum,Partner,20958,2330.46,0.275,1.0,0,7,0.11
C01756,47,142268,782,30,Platinum,Digital,31839,3597.35,0.431,0.922,0,4,0.266
C01757,21,99656,626,36,Gold,Branch,11679,1766.52,0.415,0.603,0,8,0.059
C01758,21,116525,660,29,platinum,Branch,27111,3207.16,0.59,0.917,0,4,0.264
C01759,30,68404,684,33,Gold,Direct Mail,8490,811.03,0.442,0.674,0,6,0.197
C01760,52,70771,795,26,Platinum,Digital,19469,2209.44,0.492,0.94,0,8,0.063
C01761,23,80586,697,29,Classic,Digital,7877,624.8,0.515,0.798,1,8,0.047
C01762,48,155572,663,59,Gold, Branch,20007,2635.5,0.48,0.832,0,7,0.113
C01763,53,48114,697,32,Classic,Partner,6617,654.91,0.459,0.909,0,8,0.027
C01764,54,82462,615,50,Gold,Branch,8796,1222.9,0.607,0.846,0,8,0.048
C01765,36,216883,715,28,Classic,Digital,19485,2710.88,0.255,0.914,0,8,0.02
C01766,21,43637,747,17,Gold,Digital,9300,935.0,0.39,0.91,0,9,0.02
C01767,41,79701,653,21,Gold,Partner,13049,1715.1,0.655,0.619,0,8,0.048
C01768,41,65912,671,44,Gold,Digital,8691,751.25,0.618,0.777,0,7,0.199
C01769,31,88709,729,42,Gold,Partner,14715,1910.55,0.423,0.958,0,8,0.077
C01770,44,112421,668,7,Platinum,Direct Mail,21695,2308.95,0.319,0.734,0,4,0.332
C01771,40,85461,683,25,Gold,Partner,12562,1618.14,0.319,0.826,0,8,0.034
C01772,24,68026,568,78,Classic,Digital,1669,422.79,0.701,0.632,1,6,0.181
C01773,39,79524,673,50,Gold,Partner,8245,726.48,0.396,0.774,0,7,0.188
C01774,23,43035,685,23,Classic,Direct Mail,5249,716.64,0.356,0.861,0,6,0.161
C01775,47,40466,761,76,Gold,Branch,8726,925.7,0.43,0.959,0,6,0.167
C01776,60,69732,614,34,Classic,Branch,3493,838.76,0.737,0.697,0,7,0.092
C01777,29,42543,668,55,Classic,Direct Mail,3163,266.16,0.405,0.655,0,7,0.089
C01778,40,50181,692,11,Classic,Direct Mail,8468,718.79,0.316,0.73,0,5,0.203
C01779,25,108944,715,39,GOLD,Partner,19515,1994.96,0.492,1.0,0,8,0.086
C01780,50,51462,791,20,Gold,Digital,11433,1387.84,0.227,0.941,0,5,0.204
C01781,45,56549,619,120,Classic,Partner,1485,205.03,0.449,0.733,0,7,0.118
C01782,66,64271,612,33,Classic,Partner,6077,309.79,0.388,0.605,0,8,0.072
C01783,42,63102,564,27,Classic,Partner,1000,820.0,0.461,0.67,0,6,0.165
C01784,22,118246,792,46,Classic,Digital,14484,1025.85,0.38,1.0,0,6,0.178
C01785,59,28000,734,115,Classic,Branch,5865,404.22,0.442,0.723,0,7,0.115
C01786,38,58972,621,50,Classic,Partner,5474,489.55,0.471,0.729,0,8,0.091
C01787,40,37960,671,35,Classic,Partner,5476,454.01,0.35,0.66,0,10,0.02
C01788,50,36730,713,57,Classic,Direct Mail,3914,1413.24,0.557,0.774,0,7,0.121
C01789,29,66241,633,73,Classic,Direct Mail,5047,915.46,0.447,0.659,0,8,0.056
C01790,51,89137,645,41,Gold,Partner,10891,1178.2,0.292,0.826,1,9,0.073
C01791,39,50750,668,108,Classic,Digital,3781,352.73,0.399,0.783,0,6,0.171
C01792,40,109523,642,77,Gold,Direct Mail,11806,1911.38,0.552,0.654,0,8,0.062
C01793,48,56390,682,51,Gold,Direct Mail,6236,526.8,0.33,0.8,0,6,0.24
C01794,40,51243,681,77,Classic, Branch,7563,809.0,0.354,0.805,0,7,0.119
C01795,44,58905,649,41,Classic,Digital,5655,526.0,0.507,0.761,0,5,0.254
C01796,43,127146,724,62,Gold,Digital,19334,2129.76,0.252,0.948,0,7,0.085
C01797,27,47569,683,40,Classic,Branch,7579,875.48,0.452,0.685,0,6,0.151
C01798,57,79136,688,29,Gold,Partner,10351,1312.57,0.319,0.87,0,8,0.06
C01799,26,106208,682,33,Gold,Digital,13582,1725.55,0.543,0.843,0,7,0.088
C01800,69,67157,669,42,Classic,Branch,9256,610.58,0.468,0.819,0,7,0.126
C01801,43,75947,674,31,Gold,Digital,11946,1287.14,0.279,0.649,0,6,0.173
C01802,41,103146,664,26,Gold,Direct Mail,14627,1500.85,0.533,0.758,0,7,0.176
C01803,39,112084,667,46,Classic,Direct Mail,10705,1367.78,0.395,0.789,0,6,0.152
C01804,21,56845,762,46,Gold,Direct Mail,11350,1331.16,0.336,0.998,0,10,0.02
C01805,59,173745,707,33,Gold,Digital,24014,3144.77,0.333,0.836,0,7,0.111
C01806,28,75213,693,85,Gold,Branch ,14311,1444.07,0.213,0.92,0,8,0.084
C01807,42,61962,791,80,Gold,Branch,13971,1584.91,0.43,1.0,0,5,0.208
C01808,54,75379,720,25,Gold,Branch,12120,1527.3,0.43,0.652,0,5,0.208
C01809,38,50284,574,22,Classic,Digital,1000,150,0.541,0.643,0,6,0.183
C01810,24,89876,568,46,Classic ,Digital,5090,656.98,0.658,0.581,1,8,0.021
C01811,53,48398,683,43,Classic,Branch,4078,415.66,0.745,0.903,0,7,0.074
C01812,37,163222,661,66,Platinum,Digital,33112,3742.75,0.45,0.664,0,9,0.02
C01813,35,36461,688,13,Classic,Digital,4947,236.37,0.277,0.839,0,9,0.02
C01814,44,103267,661,17,Gold,Partner,14402,1721.4,0.458,0.822,0,10,0.02
C01815,37,89756,596,75,Gold,Digital,8486,1217.73,0.466,0.525,2,10,0.02
C01816,49,85167,605,24,GOLD,Digital ,7162,984.74,0.67,0.592,0,8,0.1
C01817,48,139033,691,32,Platinum,Partner,26814,3440.31,0.413,0.682,0,10,0.02
C01818,48,95477,654,26,Gold,Branch,13382,1576.28,0.391,0.893,0,5,0.234
C01819,35,51043,757,31,Gold,Digital,11185,1577.78,0.278,0.896,0,7,0.173
C01820,21,46823,733,99,Gold,Digital,8135,1631.07,0.166,0.801,0,9,0.02
C01821,27,46065,707,31,Classic,Digital,3168,150,0.535,0.749,0,9,0.037
C01822,45,37273,712,61,Classic,Partner,4016,317.57,0.217,0.93,0,8,0.07
C01823,33,97123,747,66,Platinum,Partner,22936,2412.47,0.203,0.824,0,7,0.124
C01824,59,66828,736,7,Gold,Digital,8227,838.51,0.245,0.865,0,7,0.226
C01825,27,113402,620,19,Gold,Partner,12713,1466.47,0.651,0.687,0,7,0.099
C01826,36,93065,654,20,Gold,Digital,13853,1452.2,0.394,0.773,0,8,0.081
C01827,51,64978,650,26,Classic,Direct Mail,5139,799.58,0.519,0.9,0,6,0.18
C01828,21,59820,679,18,Gold ,Partner,11537,1593.09,0.259,0.66,0,6,0.189
C01829,35,75460,677,21,Gold,Partner,11565,1384.05,0.49,0.862,0,6,0.2
C01830,58,54025,661,37,Classic,Partner,3109,150,0.429,0.762,0,6,0.118
C01831,25,59410,571,51,Classic,Branch,1308,150,0.665,0.615,0,7,0.123
C01832,27,47767,684,47,Classic,Partner,4906,674.93,0.465,0.766,0,6,0.183
C01833,32,43960,684,31,Classic,BRANCH,5820,887.63,0.362,0.857,0,5,0.215
C01834,41,114920,644,10,Gold,Digital,12632,1536.54,0.388,0.667,0,9,0.02
C01835,38,176087,713,84,Platinum,Branch,35658,4017.9,0.434,0.681,0,6,0.188
C01836,63,116580,645,33,Gold,Partner,12921,1625.9,0.578,0.625,0,9,0.02
C01837,43,62003,655,7,Classic,Digital ,5862,1107.76,0.368,0.847,0,8,0.067
C01838,21,80894,741,85,Gold,Partner,14227,1428.33,0.406,0.938,0,7,0.15
C01839,40,77325,786,21,Platinum,Digital,19900,1739.57,0.27,0.762,0,7,0.15
C01840,21,109415,650,80,Gold,Branch,13143,1605.91,0.434,0.793,0,9,0.026
C01841,36,139064,767,52,Classic,Digital,17000,1767.67,0.4,0.982,0,9,0.057
C01842,32,39003,749,111,Gold,Partner,8997,609.57,0.322,0.818,0,,0.124
C01843,44,122780,619,24,Gold,Digital,14209,1633.43,0.518,0.634,0,,0.02
C01844,46,70477,589,46,Classic,Branch,5643,923.11,0.446,0.633,0,6,0.189
C01845,32,28000,685,35,Classic,Branch,3637,283.3,0.565,0.792,0,8,0.026
C01846,38,76370,565,63,Classic,Branch,1203,459.47,0.407,0.565,0,9,0.02
C01847,48,44985,662,54,Classic,Branch,3876,379.37,0.519,0.858,0,9,0.02
C01848,27,52259,656,43,Classic,Partner,2294,160.06,0.497,0.645,0,10,0.02
C01849,51,83281,690,38,Gold,Digital,15852,1325.45,0.597,0.843,0,8,0.02
C01850,58,47405,681,16,Classic,Digital,8486,454.86,0.449,0.81,0,7,0.087
C01851,45,112794,520,83,Classic ,Digital ,6828,577.36,0.632,0.64,0,5,0.246
C01852,55,102300,707,2,Classic,Partner,12799,1772.69,0.607,0.864,0,5,0.289
C01853,48,107001,655,15,Gold,Digital,13548,1338.43,0.572,0.726,0,6,0.196
C01854,21,43443,611,25, Classic,Direct Mail,4648,605.26,0.294,0.512,1,7,0.137
C01855,59,51133,666,34,Classic,Digital,3623,241.53,0.349,0.735,0,9,0.02
C01856,44,102362,624,37,Gold,Digital,12088,1812.71,0.427,0.623,0,8,0.023
C01857,35,71171,641,71,Gold,Digital,10225,869.58,0.391,0.723,1,8,0.139
C01858,36,96925,691,30,GOLD,Direct Mail,13283,1750.83,0.368,0.824,0,8,0.05
C01859,39,89535,712,25,Gold,Branch,14588,1588.68,0.379,0.833,0,8,0.028
C01860,34,119301,715,180,Platinum,Digital,25984,2823.04,0.484,0.794,0,7,0.054
C01861,33,36841,715,26,Classic,Branch,8965,217.07,0.463,0.757,0,8,0.058
C01862,29,97587,655,22,Gold,Digital,9385,1526.92,0.454,0.78,0,5,0.211
C01863,40,78037,643,18,Gold,Direct Mail,8542,1192.92,0.561,0.937,0,9,0.02
C01864,55,95593,716,52,Classic,Partner,7875,834.98,0.245,0.795,0,7,0.13
C01865,37,34995,548,40,Classic,Partner,2660,150,0.595,0.658,0,7,0.077
C01866,63,37172,728,55,Classic,Digital,4221,352.42,0.324,0.83,0,7,0.046
C01867,43,83453,611,105,Gold,Partner,9010,1248.69,0.525,0.701,0,8,0.026
C01868,21,32020,563,46,Classic,Partner,1000,150,0.752,0.617,1,8,0.02
C01869,38,83370,770,24,Platinum,Direct Mail,24041,2363.51,0.3,0.673,0,7,0.142
C01870,48,91634,705,34,Gold,Digital,13692,1230.09,0.378,0.729,0,8,0.075
C01871,39,77249,669,74, Gold,Digital,11500,1514.67,0.506,0.691,0,9,0.02
C01872,56,97889,658,74, Classic,Branch,5506,877.87,0.297,0.708,0,8,0.059
C01873,52,95440,693,34,Gold,Digital,13671,1325.53,0.409,0.791,0,7,0.13
C01874,46,135621,682,84,Platinum,direct mail,27637,2530.62,0.271,0.741,0,7,0.073
C01875,32,102617,708,31,Gold,Branch,16553,1775.29,0.268,0.965,0,6,0.191
C01876,34,62870,624,94,Classic,Branch,8072,789.6,0.658,0.874,0,7,0.116
C01877,51,28127,748,47,Classic,Branch,4786,427.51,0.291,0.705,0,8,0.036
C01878,46,63423,632,28,Classic,Digital ,5639,811.77,0.572,0.614,0,,0.077
C01879,39,147323,665,88,Platinum,Partner,30875,3118.79,0.541,0.707,0,5,0.182
C01880,56,126290,611,37,Gold,Direct Mail ,17400,1694.47,0.512,0.599,0,6,0.181
C01881,44,86423,646,33,GOLD,Partner,10858,1338.89,0.524,0.715,1,7,0.083
C01882,31,82919,835,13,Platinum,Branch,24204,2303.86,0.11,0.966,0,5,0.197
C01883,30,62570,634,56,Classic,Branch,2277,887.9,0.352,0.734,0,7,0.099
C01884,63,79446,582,36,Classic,Branch,3175,396.21,0.515,0.69,0,8,0.095
C01885,23,71569,548,47,Classic,Branch,2345,598.76,0.533,0.558,2,8,0.091
C01886,29,78848,662,37,GOLD,Direct Mail,8534,888.44,0.348,0.751,0,9,0.062
C01887,21,66719,701,6,Gold,Direct Mail,13267,1207.49,0.214,0.823,0,8,0.101
C01888,45,155270,779,64,Platinum,Branch,33467,3831.24,0.515,0.881,0,7,0.091
C01889,35,29141,620,61, Classic,Digital,1000,150,0.582,0.699,1,5,0.231
C01890,55,61574,620,29,classic,Digital,6798,871.26,0.687,0.604,2,5,0.213
C01891,51,86947,636,20,Gold,Direct Mail,10203,1110.96,0.528,0.733,0,6,0.156
C01892,51,52707,835,55,Gold,DIGITAL,12644,1341.1,0.452,0.925,0,,0.126
C01893,66,93079,695,9,Gold,Digital,13330,1573.87,0.309,0.792,0,10,0.02
C01894,37,96062,685,22,Gold,Digital,11569,1476.87,0.45,0.913,0,7,0.105
C01895,59,35826,705,40,Classic,Branch,2720,270.83,0.271,0.991,0,5,0.196
C01896,49,143539,736,99,Platinum,Branch,32573,3113.92,0.434,0.947,0,9,0.02
C01897,34,67742,690,45,Gold,Branch,11436,1294.57,0.242,0.719,0,7,0.123
C01898,27,67479,603,43,Classic,Digital,3432,944.61,0.449,0.729,0,6,0.142
C01899,33,48575,712,26,Gold,Digital,7621,721.65,0.369,0.915,0,8,0.113
C01900,27,55880,712,120,GOLD,Direct Mail,8167,716.98,0.6,0.764,0,5,0.268
C01901,37,73163,571,120,Classic,Digital,6165,701.55,0.441,0.583,0,6,0.144
C01902,64,122590,773,46,Platinum,Digital,28952,3047.29,0.359,0.845,0,7,0.144
C01903,50,75520,711,85,Gold,Digital,12922,1356.56,0.246,0.738,0,5,0.224
C01904,50,101271,639,20,Gold,Digital,13897,1434.52,0.446,0.763,0,8,0.059
C01905,45,127795,728,9,Platinum,Direct Mail,29478,3016.8,0.394,0.866,0,,0.178
C01906,47,82090,768,25,Platinum,Digital,21879,1968.95,0.573,0.957,0,8,0.061
C01907,55,65450,720,39,Gold,Direct Mail,11762,1346.5,0.377,0.957,0,7,0.106
C01908,42,60174,638,53,Classic,Digital,5307,733.09,0.544,0.714,0,9,0.02
C01909,46,86631,573,91,Classic,Digital,1160,751.16,0.439,0.686,0,9,0.02
C01910,38,54658,777,86,Classic,Digital,9383,805.38,0.266,0.864,0,9,0.02
C01911,33,39452,616,75,Classic,Branch,2190,841.27,0.467,0.683,0,7,0.118
C01912,38,89425,656,51,Gold,Direct Mail,13063,1451.4,0.626,0.734,0,6,0.127
C01913,39,53690,642,27,Classic,Branch,5410,954.72,0.429,0.669,0,9,0.02
C01914,23,94727,667,35,Gold,digital,12509,1438.78,0.383,0.812,0,7,0.102
C01915,35,99103,681,36,Gold,Digital,16580,1318.43,0.556,0.752,0,4,0.29
C01916,43,49973,747,76,Classic,Partner,7228,804.08,0.399,0.938,0,7,0.086
C01917,40,28000,640,41,Classic,Digital,4141,150,0.368,0.761,1,9,0.02
C01918,41,36846,715,68,Classic,Digital,2873,351.98,0.2,0.884,0,5,0.209
C01919,47,68729,617,37,classic,Digital,3633,529.93,0.63,0.59,0,6,0.13
C01920,21,60527,693,28,Gold,Partner,9477,785.58,0.423,0.733,0,9,0.054
C01921,41,66948,751,15,Classic,Partner,9806,891.94,0.43,0.648,0,7,0.112
C01922,36,54755,656,78,Classic,Partner ,2260,336.3,0.406,0.744,0,8,0.067
C01923,46,246864,665,22,PLATINUM,Direct Mail,40000,4338.31,0.33,0.83,0,7,0.105
C01924,57,160831,783,34,Classic,Partner,17770,2116.0,0.359,0.853,0,8,0.058
C01925,67,108425,624,13,Gold,Digital,14647,1371.02,0.647,0.613,0,6,0.166
C01926,34,41878,707,27,Classic,Partner,6453,402.45,0.499,0.716,0,8,0.072
C01927,47,56120,715,79,Gold,Digital,13042,1385.63,0.33,0.772,0,7,0.132
C01928,46,68364,643,63,Classic,Direct Mail,2791,853.79,0.455,0.559,0,4,0.24
C01929,35,91002,631,41,Gold,Digital,8497,648.99,0.528,0.73,0,9,0.062
C01930,34,81141,707,104,Gold,Direct Mail,13108,983.2,0.454,0.697,0,5,0.203
C01931,53,42489,657,65,Classic,Digital,2769,150,0.468,0.733,0,6,0.14
C01932,41,50652,704,73,Gold,Digital,11998,1231.91,0.489,0.699,0,10,0.02
C01933,71,126683,750,59,Platinum,Partner,30250,3189.89,0.417,0.74,0,9,0.02
C01934,38,69429,624,47,Classic,Partner,4367,552.97,0.457,0.812,0,10,0.02
C01935,53,117243,727,31,Classic ,Branch,12442,1368.09,0.44,0.9,0,7,0.065
C01936,46,84599,695,6,Gold,Direct Mail,12490,1235.39,0.343,0.732,0,8,0.1
C01937,53,40514,766,59,Gold ,Direct Mail,6060,772.84,0.49,0.986,0,8,0.136
C01938,45,46801,783,16,Gold,Branch,9689,1033.21,0.286,0.966,0,9,0.02
C01939,42,98239,666,33,GOLD,Direct Mail ,15505,1780.05,0.47,0.826,0,7,0.112
C01940,39,94424,737,26,Gold,Branch,14720,1593.24,0.223,0.828,0,7,0.116
C01941,42,28000,685,10,Classic,Branch,1022,574.87,0.545,0.793,0,9,0.05
C01942,39,46147,689,15,Classic,Digital,4620,759.14,0.502,0.829,0,7,0.152
C01943,45,90880,724,26,Gold,Direct Mail,13971,1551.42,0.371,0.745,0,10,0.02
C01944,39,42340,719,30,Classic,Branch,3138,568.6,0.35,0.774,0,10,0.02
C01945,32,41261,636,84,Classic,Digital,3974,351.73,0.469,0.823,0,10,0.02
C01946,25,57286,687,65,Gold,Branch,12305,852.23,0.644,0.744,0,8,0.13
C01947,57,47121,754,49,Gold,Partner,5664,1065.42,0.181,0.893,0,5,0.246
C01948,21,64917,641,63,Classic,Partner,4396,890.0,0.381,0.639,0,6,0.182
C01949,57,66194,689,7,Gold,Direct Mail,11174,1025.94,0.425,0.78,0,7,0.15
C01950,62,69253,725,24,Gold,Digital,14651,1751.64,0.501,0.821,0,9,0.02
C01951,38,72699,569,30,Classic,Direct Mail,7795,1141.31,0.788,0.732,0,8,0.027
C01952,33,49624,690,27,Classic,Branch,6278,957.54,0.383,0.86,0,9,0.046
C01953,43,31811,687,53,Classic,Direct Mail,2244,323.76,0.289,0.8,0,7,0.073
C01954,53,49255,586,3,Classic,Digital,3193,291.44,0.685,0.705,0,,0.121
C01955,52,212583,778,32,Platinum,Digital,40000,4269.85,0.308,1.0,0,9,0.02
C01956,36,80440,679,35,Gold,Digital,10493,1593.94,0.494,0.801,0,7,0.119
C01957,21,89826,702,21,Gold,Digital,14338,1515.91,0.473,0.786,0,5,0.168
C01958,29,28967,629,25,Classic,Partner,1000,150,0.576,0.684,0,7,0.132
C01959,44,117636,771,33,Platinum,Digital,27398,3199.19,0.236,1.0,0,9,0.02
C01960,32,77273,608,26,Classic,Branch,1644,776.39,0.508,0.487,0,7,0.071
C01961,34,78842,715,30,Gold,Branch,12971,1500.94,0.374,0.907,0,,0.063
C01962,32,184757,725,13,Platinum,Branch,38034,4181.37,0.428,0.861,0,8,0.022
C01963,42,82091,651,18,Gold,Digital,10205,1120.82,0.449,0.702,0,6,0.16
C01964,66,62608,786,36,Gold,Partner,16252,1294.0,0.29,0.966,0,5,0.235
C01965,60,119675,781,36,Platinum,Branch,27754,2697.35,0.385,0.969,0,6,0.11
C01966,39,114947,668,56,Platinum,Digital,23039,2703.47,0.352,0.789,0,8,0.051
C01967,36,69617,679,92,Gold,Digital,8737,803.48,0.372,0.72,0,6,0.247
C01968,63,73709,661,53,Gold ,Digital,9308,1193.03,0.342,0.752,0,7,0.039
C01969,38,124571,717,27,Classic,Digital,12216,1836.42,0.45,0.693,0,6,0.17
C01970,72,115289,757,53,Platinum,Partner,28006,3002.58,0.273,0.809,0,9,0.025
C01971,51,107881,742,3,Platinum ,Branch,24662,2499.31,0.262,0.784,0,8,0.077
C01972,41,55713,634,23,Classic,Direct Mail,3494,771.51,0.392,0.64,1,7,0.076
C01973,43,105566,712,83,Classic,Digital,9563,1129.7,0.302,0.782,0,5,0.224
C01974,50,66557,722,15,Gold,Partner,8076,959.04,0.39,0.852,0,5,0.226
C01975,48,110641,625,49,gold,Digital,13308,1446.0,0.498,0.685,0,10,0.02
C01976,45,28000,639,36,classic,Digital,2201,316.19,0.391,0.733,0,,0.094
C01977,47,91469,760,57,Classic,Partner,11727,617.14,0.353,0.853,0,9,0.02
C01978,49,50480,625,52,Classic,Digital,4564,440.61,0.504,0.668,0,10,0.02
C01979,43,50144,607,34,Classic,Digital,2802,363.21,0.493,0.656,0,7,0.097
C01980,49,58016,714,73,Gold,Digital,9484,1122.58,0.197,0.708,0,3,0.353
C01981,24,71137,698,82,Gold,Branch,12052,1537.29,0.363,0.796,0,10,0.02
C01982,42,88856,610,180, Classic,Digital,4736,685.31,0.339,0.674,0,5,0.197
C01983,42,46921,618,50,Classic,Digital,1334,150,0.388,0.707,0,6,0.149
C01984,54,37782,665,156,Classic,Digital,1192,514.46,0.584,0.695,2,8,0.034
C01985,60,92050,709,4,Gold,Digital,14711,1366.07,0.431,0.657,0,10,0.02
C01986,36,124958,735,72,Gold,Direct Mail,22171,2820.74,0.269,0.828,0,7,0.118
C01987,41,72036,609,52,classic,digital,4355,556.85,0.431,0.576,1,5,0.212
C01988,47,50236,676,13,Classic,Branch,5579,462.75,0.543,0.805,2,6,0.126
C01989,31,84258,641,8,Gold,Digital,9247,1142.37,0.496,0.699,1,7,0.111
C01990,21,52157,711,21,Gold,Digital,6951,936.3,0.314,0.661,0,10,0.02
C01991,22,77659,763,80,Gold,Digital,14596,1100.42,0.271,0.782,0,8,0.041
C01992,26,96610,634,64,Gold,Direct Mail,13642,1585.41,0.616,0.823,0,8,0.059
C01993,60,65095,675,69,Classic,Digital,8456,802.1,0.321,0.704,0,7,0.103
C01994,22,38844,619,109,Classic,Digital,1000,355.21,0.49,0.685,0,7,0.142
C01995,42,72789,649,38,Gold,Partner,9039,1373.62,0.418,0.703,0,4,0.276
C01996,45,53594,624,38,Classic,Branch,2064,431.81,0.612,0.807,0,8,0.072
C01997,37,96147,618,44,Gold,Digital,11863,1580.83,0.424,0.656,0,8,0.053
C01998,52,240072,651,34,Platinum,Branch,40000,4523.82,0.294,0.75,0,8,0.028
C01999,46,96266,634,79,Gold,Branch,12468,1717.15,0.419,0.667,0,6,0.176
C02000,42,73180,637,64,Gold,Digital,8122,820.25,0.31,0.707,0,10,0.02
C02001,42,65189,721,28,Gold,PARTNER,8798,1035.34,0.579,0.831,0,6,0.169
C02002,31,69002,702,55,Gold,Digital,11888,1261.88,0.402,0.927,0,7,0.02
C02003,46,194243,741,72,Platinum,digital,40000,3817.25,0.19,0.888,0,9,0.02
C02004,35,55177,742,63,Gold,Digital,9172,930.89,0.29,0.938,0,10,0.02
C02005,44,107427,706,83,Platinum,Branch,20413,2361.68,0.404,0.78,0,8,0.086
C02006,36,89069,735,38,Platinum,Digital,22724,2488.2,0.445,0.863,0,7,0.066
C02007,53,85532,584,29,Classic,Digital,5018,781.32,0.803,0.472,0,9,0.02
C02008,51,123752,709,45,Platinum,Direct Mail,28027,2847.55,0.263,0.884,0,8,0.059
C02009,44,46894,644,36,Classic,Digital,4447,726.02,0.313,0.62,0,8,0.058
C02010,38,103614,664,36,Gold,Branch,14533,1971.66,0.392,0.7,0,5,0.223
C02011,27,109304,611,91,Gold,Digital,15481,2048.7,0.455,0.524,0,7,0.139
C02012,58,41229,676,9,Classic,Digital,4607,150,0.305,0.841,0,8,0.038
C02013,36,28000,682,36,Classic,Direct Mail,4172,340.56,0.344,0.736,0,6,0.127
C02014,42,95281,687,34,GOLD,Direct Mail,10921,1463.25,0.362,0.777,0,10,0.02
C02015,27,67590,674,35,Classic,Digital,3418,559.02,0.269,0.887,0,8,0.031
C02016,56,80970,779,25,Platinum,Direct Mail,21253,2230.44,0.261,0.806,0,7,0.109
C02017,39,96962,669,36,Gold,Digital,13086,1901.68,0.269,0.97,0,6,0.167
C02018,61,63093,621,55,Classic,Direct Mail,1000,150,0.566,0.609,0,,0.071
C02019,48,55370,679,36,Classic,Digital,3476,560.52,0.544,0.769,0,9,0.02
C02020,45,280000,695,23,Platinum,Branch,40000,4715.14,0.517,0.798,0,10,0.02
C02021,41,69778,545,15,Classic,Digital ,1000,304.17,0.654,0.541,1,8,0.032
C02022,67,70300,629,12,Classic ,partner,3768,599.93,0.477,0.685,0,8,0.02
C02023,58,102634,640,24,Gold,Digital,13265,1669.38,0.435,0.688,0,5,0.251
C02024,55,70637,694,57,Gold,Direct Mail,9986,1432.98,0.37,0.682,0,10,0.02
C02025,44,54812,693,94,Gold,Direct Mail,7519,1278.0,0.251,0.607,0,6,0.16
C02026,56,106096,719,18,Gold,Digital,16089,1639.85,0.348,0.773,0,10,0.02
C02027,26,92104,732,47,Gold,Partner,13344,1980.21,0.448,0.853,0,6,0.149
C02028,35,64338,710,88,Gold,Partner,10671,1544.69,0.399,0.8,0,5,0.241
C02029,58,197263,686,42,Platinum,Partner,40000,4611.61,0.316,0.743,0,10,0.02
C02030,43,103193,645,48,Gold,Digital,15973,1953.01,0.521,0.87,1,10,0.02
C02031,42,77719,565,50,Classic,Direct Mail,1698,759.89,0.65,0.787,1,9,0.02
C02032,30,55699,623,104,Classic,Branch,1522,474.04,0.626,0.749,0,8,0.05
C02033,28,44175,750,19,Gold,Digital,8401,447.54,0.336,0.851,0,6,0.227
C02034,50,90441,689,62,Gold,Branch,12501,1662.26,0.503,0.835,0,9,0.02
C02035,34,108536,704,24,Platinum,Digital,23554,2613.74,0.251,0.709,0,8,0.091
C02036,21,28000,625,74,Classic,Branch,1000,311.79,0.507,0.771,0,9,0.021
C02037,55,84773,703,51,Gold,Digital,14137,1790.99,0.355,0.609,0,6,0.149
C02038,37,40242,704,60,Classic,Partner,4716,910.58,0.57,0.831,0,7,0.081
C02039,54,52967,668,25,Classic,Branch,3062,616.06,0.45,0.596,0,6,0.162
C02040,35,100326,723,15,Platinum,Digital,22873,2557.8,0.394,0.866,0,8,0.073
C02041,21,69542,642,12,Classic,Digital,3670,480.43,0.361,0.809,0,10,0.02
C02042,34,107433,716,55,Platinum,Partner ,26764,2454.65,0.417,0.783,0,8,0.089
C02043,41,107851,634,54,Gold,Direct Mail,8981,1230.44,0.539,0.637,1,9,0.02
C02044,61,91054,716,47,Gold,Partner,13902,1166.05,0.474,0.762,0,8,0.042
C02045,56,39346,721,93,Classic,Digital,4740,872.18,0.351,0.768,0,7,0.117
C02046,21,69600,652,38,Gold,Digital ,7913,1201.91,0.328,0.758,0,8,0.047
C02047,27,34308,688,41,Classic,Direct Mail,6912,461.35,0.385,0.793,0,6,0.188
C02048,26,59071,673,78,Classic,Digital,4896,621.47,0.411,0.761,0,7,0.095
C02049,46,49622,789,65,Gold,Branch,13309,1334.66,0.316,0.979,0,7,0.106
C02050,41,59903,744,40,Gold,Branch,11185,1136.84,0.318,0.798,0,10,0.02
C02051,67,53827,742,105,Gold,Digital,10251,1239.35,0.205,0.911,0,10,0.02
C02052,49,41041,590,16,Classic,Branch,2612,468.45,0.381,0.651,0,9,0.02
C02053,41,60265,686,45,Gold,Partner,7685,570.2,0.598,0.802,0,8,0.118
C02054,38,81895,725,9,Gold,Partner,12894,1544.11,0.272,0.945,0,7,0.096
C02055,32,69772,682,24,Gold,Digital,11281,1288.47,0.448,0.622,0,7,0.099
C02056,21,46514,766,120,Gold,Direct Mail,9134,525.28,0.427,0.996,0,7,0.221
C02057,21,42827,655,21,Classic,Direct Mail,4534,296.7,0.535,0.85,0,8,0.069
C02058,29,114824,619,45,gold,Partner,14309,1643.47,0.444,0.7,0,6,0.15
C02059,47,33964,655,49,Classic,Partner,6617,379.47,0.443,0.625,0,6,0.166
C02060,43,46384,721,18,Gold,Branch ,8997,756.17,0.485,0.841,0,6,0.229
C02061,44,91215,689,79,Gold,Partner,14454,1438.37,0.519,0.969,0,7,0.164
C02062,32,98171,650,60,Gold,Digital,15920,1693.69,0.769,0.699,1,8,0.02
C02063,45,52114,762,44,Gold,Digital,9655,1174.0,0.356,0.829,0,6,0.186
C02064,24,114264,771,15,Classic,Digital,12439,676.32,0.151,0.917,0,5,0.219
C02065,63,161916,736,95,Platinum,Partner,34863,3215.36,0.443,0.817,0,9,0.02
C02066,37,109103,601,41,Classic,Digital,6812,501.13,0.395,0.594,0,5,0.219
C02067,39,31867,674,53,Classic,Digital,2379,266.07,0.554,0.828,0,7,0.173
C02068,39,49805,617,38,Classic,Digital,1000,268.77,0.593,0.67,0,8,0.071
C02069,36,103291,655,34,Gold,Partner,16600,2102.25,0.398,0.626,0,,0.055
C02070,48,51609,658,80,Classic,Digital,2781,361.7,0.37,0.812,0,6,0.138
C02071,52,38576,539,71,Classic,Branch,1000,265.73,0.58,0.588,0,5,0.225
C02072,62,47127,616,50,Classic,Partner,3503,329.39,0.331,0.501,0,8,0.065
C02073,26,85490,630,59,Gold,Digital,8861,1335.92,0.327,0.759,0,6,0.144
C02074,53,89882,568,41,Classic,Digital,3490,1033.44,0.713,0.839,0,9,0.02
C02075,47,46969,562,10,Classic,Branch,2771,228.85,0.46,0.679,1,9,0.02
C02076,57,55741,815,21,Gold,Digital,11376,1134.99,0.165,0.935,0,5,0.205
C02077,36,99531,621,135,Gold,Partner,14484,1650.37,0.285,0.661,0,5,0.198
C02078,55,96945,650,51,Gold,Digital,13618,2069.42,0.52,0.658,0,10,0.02
C02079,42,68609,686,11,Gold,Partner,12641,1526.45,0.461,0.76,0,8,0.059
C02080,50,42671,691,80,Classic,Direct Mail,4413,150,0.224,0.7,0,8,0.037
C02081,45,54752,702,23,Gold ,Direct Mail,10479,922.44,0.539,0.788,0,7,0.125
C02082,38,126463,640,12,Gold,Branch,16773,2143.71,0.297,0.772,0,9,0.02
C02083,50,98659,704,92,Gold,Direct Mail,13015,1738.45,0.449,0.855,0,6,0.167
C02084,46,101479,682,38,Classic,Branch,7033,1289.83,0.23,0.547,0,7,0.096
C02085,50,67134,667,9,Gold,Branch,9970,800.32,0.244,0.619,0,10,0.077
C02086,60,57831,602,39,Classic,Digital,1000,460.57,0.606,0.569,0,8,0.096
C02087,50,51516,655,120,Classic,Branch,4806,700.74,0.499,0.703,0,7,0.124
C02088,51,97250,683,20,Gold,Digital,16413,1772.13,0.266,0.715,0,,0.203
C02089,53,47238,638,48,Classic,Digital,3604,677.34,0.414,0.755,0,7,0.108
C02090,38,151117,627,79,Platinum ,Partner,32424,3047.71,0.379,0.632,0,6,0.154
C02091,39,29240,630,104,Classic,Direct Mail,1396,389.81,0.363,0.772,0,9,0.02
C02092,48,86462,741,39,Classic,Digital,9218,867.51,0.21,0.867,0,9,0.02
C02093,50,30447,610,15,Classic,Digital,1000,150,0.533,0.735,1,9,0.059
C02094,57,68953,634,22,Classic,Digital,5094,406.11,0.435,0.799,0,6,0.186
C02095,48,57903,736,24,Gold,Partner,10223,1281.63,0.534,0.843,0,9,0.02
C02096,49,92639,672,9,Gold,Branch,13486,1836.63,0.452,0.76,1,10,0.02
C02097,34,79051,637,30,Gold,Partner,9159,1429.19,0.321,0.742,0,9,0.02
C02098,46,135617,767,23,Platinum,Branch,31331,3642.28,0.342,1.0,0,9,0.02
C02099,32,45145,728,23,Classic,Digital,4770,447.22,0.322,0.784,0,7,0.118
C02100,32,135222,680,30,Platinum,Digital ,28187,2736.88,0.359,0.712,0,8,0.028
C02101,27,52905,737,45,Gold,Digital,9832,1101.8,0.216,0.899,0,7,0.109
C02102,23,186327,789,51,Gold ,Direct Mail,25571,3010.63,0.181,0.878,0,7,0.114
C02103,51,38725,678,16,Classic,Partner,1326,414.73,0.507,0.661,0,7,0.094
C02104,49,77301,697,34,Classic,Branch,9124,811.09,0.43,0.872,0,9,0.02
C02105,31,64195,636,20,Classic,PARTNER,3450,371.1,0.459,0.651,0,8,0.052
C02106,36,70207,627,27,Classic,Digital,2706,391.76,0.475,0.597,0,5,0.182
C02107,55,40162,764,22,Gold,Partner,9516,636.08,0.182,0.909,0,8,0.104
C02108,34,58363,618,38,Classic,Partner,5986,906.43,0.308,0.693,0,9,0.042
C02109,47,55981,719,17,Gold,Digital,3928,505.14,0.278,0.976,0,6,0.267
C02110,53,72002,690,17,GOLD,Branch,10121,1009.0,0.454,0.757,0,7,0.142
C02111,34,62992,665,41,Gold,Branch,8274,1101.93,0.407,0.811,0,9,0.035
C02112,24,76853,623,39,Classic,Partner,3592,585.75,0.296,0.785,0,8,0.082
C02113,54,129625,639,36,Classic,Branch,9905,1038.16,0.371,0.694,0,7,0.119
C02114,68,73423,635,39,Classic,Digital,4222,997.55,0.647,0.566,1,7,0.085
C02115,24,40073,604,37,Classic,Partner,3042,322.8,0.649,0.689,1,7,0.095
C02116,52,112890,629,29,Gold,Branch,12372,1988.04,0.584,0.599,0,6,0.173
C02117,46,44402,659,62,Classic,Partner,3212,643.81,0.293,0.706,0,8,0.033
C02118,25,37380,643,38,Classic, Partner,3479,150,0.367,0.669,0,6,0.191
C02119,70,63683,701,28,Gold,Digital,9192,1358.79,0.578,0.669,0,3,0.312
C02120,41,49609,730,17,Gold,Partner,9020,612.62,0.182,0.804,0,5,0.341
C02121,51,56028,700,11,gold,Branch,6993,941.52,0.347,0.792,0,9,0.02
C02122,44,110581,596,38,Gold,Direct Mail,15155,1892.57,0.528,0.712,0,7,0.138
C02123,37,30054,643,6,Classic,Direct Mail,1000,150,0.452,0.619,0,10,0.02
C02124,29,106409,795,31,Gold,Branch,20974,1794.04,0.219,0.858,0,5,0.194
C02125,21,66776,761,21,Gold,Direct Mail,12409,1145.81,0.379,0.885,0,,0.183
C02126,44,38558,723,52,Classic,Partner,7624,457.27,0.235,0.993,0,10,0.02
C02127,40,54901,725,38,Gold,Digital,7348,947.96,0.33,0.875,1,5,0.221
C02128,47,45423,727,12,Gold,Branch,10200,792.0,0.326,1.0,0,8,0.102
C02129,23,73058,741,19,Gold,Partner,15497,1280.32,0.47,0.91,0,6,0.177
C02130,59,136645,695,52,Gold,Direct Mail,18826,2071.34,0.268,0.781,0,7,0.109
C02131,21,56157,659,32,Classic,Partner,3937,358.26,0.341,0.707,0,6,0.172
C02132,45,71384,716,97,Gold,Digital,10937,1242.79,0.257,0.815,0,7,0.12
C02133,47,44513,633,89,Classic,Branch,3805,171.38,0.306,0.668,0,5,0.208
C02134,37,124135,696,17,Platinum,Partner,26535,2737.88,0.254,0.735,0,4,0.214
C02135,45,57731,673,98,Classic,Direct Mail,6395,734.85,0.399,0.743,0,7,0.095
C02136,47,122533,640,113,Platinum,Digital,23892,2709.1,0.321,0.794,0,9,0.041
C02137,60,96169,776,33,Platinum,digital,26532,2574.46,0.33,0.964,0,9,0.02
C02138,34,80963,750,66,Gold,Digital,11222,1102.01,0.275,0.861,0,,0.02
C02139,48,87384,545,68,Classic,Branch,1548,761.52,0.419,0.572,0,6,0.158
C02140,54,91442,726,25,Classic,Partner,14218,1137.08,0.293,0.81,0,9,0.02
C02141,45,184936,783,21,Classic,Partner,19036,2051.21,0.253,0.965,0,,0.02
C02142,38,66542,674,27,Gold,Branch,8211,1171.75,0.478,0.684,0,9,0.02
C02143,23,100773,735,89,Classic,Digital,12122,1203.01,0.506,0.891,0,8,0.056
C02144,32,106532,687,88,Platinum,Branch,21499,2283.29,0.502,0.877,0,9,0.02
C02145,38,51487,663,40,Classic,Digital,3393,547.81,0.349,0.72,0,6,0.211
C02146,47,28000,658,31,Classic,Digital,5196,526.25,0.645,0.828,0,7,0.075
C02147,26,103485,721,72,Platinum,Digital ,21522,2415.09,0.631,0.924,0,6,0.162
C02148,45,103046,683,5,Gold,Branch,13380,2038.23,0.361,0.798,0,7,0.148
C02149,42,111991,680,30,Classic, Digital,10432,1055.18,0.368,0.73,0,9,0.037
C02150,46,109202,681,56,Platinum,DIGITAL,24093,2967.51,0.262,0.75,0,9,0.022
C02151,21,124348,737,70,Platinum,Partner,26731,2426.52,0.451,0.731,0,5,0.207
C02152,40,61421,582,48,Classic,Digital,3674,737.96,0.511,0.738,0,7,0.068
C02153,21,244728,759,15,Platinum,Digital,40000,4914.19,0.331,0.871,0,5,0.228
C02154,35,89770,691,36,Gold, Partner,12906,1824.76,0.319,0.804,0,7,0.115
C02155,38,72003,733,26,Gold,Direct Mail,12757,1607.52,0.273,0.83,0,6,0.197
C02156,41,177087,724,105,Classic,Digital,13542,1798.69,0.324,0.845,0,6,0.195
C02157,71,110825,751,41,Platinum,Partner,25422,2779.62,0.207,0.877,0,6,0.167
C02158,70,64112,762,31,Gold,Digital,9836,731.08,0.425,0.876,0,,0.182
C02159,44,104487,658,56,Gold,Partner,15462,1882.39,0.38,0.673,0,6,0.172
C02160,33,66033,649,88,Classic,Digital,4148,494.04,0.437,0.662,0,7,0.132
C02161,30,65699,660,64,Classic,Digital,7334,561.46,0.497,0.781,0,8,0.039
C02162,45,74404,715,96,Classic, Direct Mail,1270,150,0.429,0.744,0,7,0.111
C02163,53,28000,661,32,Classic ,Digital,3617,625.47,0.421,0.774,0,9,0.02
C02164,30,28000,707,81,Classic,Digital,1292,150,0.203,0.784,0,8,0.059
C02165,51,95715,750,44,Gold,Direct Mail,16720,1791.43,0.286,0.844,0,8,0.066
C02166,43,28000,619,26,Classic,Digital,3262,267.57,0.464,0.668,0,6,0.143
C02167,30,72731,674,27,Gold,Digital,13558,1686.17,0.459,0.926,0,9,0.02
C02168,45,74181,607,37,Classic,Digital,3784,719.64,0.417,0.586,0,6,0.162
C02169,39,57106,770,48,gold,Direct Mail,10649,1047.48,0.246,0.868,0,7,0.169
C02170,48,72472,647,31,GOLD,Partner,10290,961.54,0.583,0.771,0,8,0.056
C02171,50,104746,692,77,Platinum,Direct Mail,23552,2522.72,0.454,0.733,0,8,0.059
C02172,69,70896,649,21,Classic,Digital,6936,920.03,0.417,0.714,0,7,0.099
C02173,26,89589,682,23,Gold,Branch,15493,1370.98,0.413,0.702,0,6,0.198
C02174,38,29746,594,25,Classic,Partner,1000,260.6,0.488,0.705,0,7,0.14
C02175,39,51325,733,70,GOLD,Branch,11002,1166.6,0.403,0.759,0,6,0.178
C02176,29,90577,627,20,Classic,Digital,5845,473.05,0.489,0.706,0,6,0.163
C02177,61,90710,684,37,gold,Partner,14314,1681.07,0.419,0.767,0,8,0.08
C02178,35,102143,737,17,Platinum,Digital,23347,2406.16,0.365,0.779,0,8,0.042
C02179,46,159205,668,15,Platinum,Digital,32943,3476.9,0.277,0.665,0,5,0.242
C02180,68,58745,714,76,Classic,Direct Mail,6694,939.53,0.578,0.68,0,7,0.091
C02181,21,44049,695,71,Classic,Direct Mail,6851,963.48,0.28,0.653,0,8,0.037
C02182,41,86946,598,20,Classic,branch,6494,899.68,0.518,0.566,0,10,0.02
C02183,53,98176,636,74,Gold,Digital,11410,1094.33,0.523,0.661,0,6,0.214
C02184,35,98937,695,43,Gold,Digital,14540,1525.31,0.353,0.87,0,6,0.158
C02185,47,75132,703,34,Gold,Direct Mail,10148,1449.97,0.45,0.775,0,8,0.076
C02186,21,82264,650,10,Gold,Digital,11246,1192.56,0.345,0.56,1,6,0.154
C02187,28,52748,630,57,Classic,Digital,1000,351.79,0.33,0.779,1,8,0.023
C02188,43,34789,680,35,Classic,Direct Mail,5012,704.63,0.573,0.829,0,6,0.158
C02189,68,84131,649,8,Gold,Direct Mail,9972,1131.38,0.476,0.698,1,6,0.166
C02190,44,99327,727,33,Classic,Direct Mail,9011,1455.97,0.269,0.88,0,4,0.29
C02191,56,153039,715,18,Platinum,Digital,31343,3843.92,0.503,0.872,0,6,0.135
C02192,46,68320,601,3,Classic,Branch,3718,883.97,0.343,0.633,2,8,0.11
C02193,43,29590,602,51,Classic,Branch,1164,150,0.44,0.463,1,9,0.043
C02194,29,52609,577,23,Classic,Partner,1000,508.46,0.458,0.361,1,8,0.087
C02195,43,62974,744,42,Gold,Digital,12213,1530.72,0.3,0.826,0,5,0.208
C02196,21,72360,662,41,Gold,Digital,8175,1519.69,0.422,0.663,0,6,0.17
C02197,54,73704,695,74,Gold,Direct Mail,9823,913.08,0.367,0.758,0,7,0.103
C02198,44,38080,765,34,Gold,DIRECT MAIL,9031,846.64,0.285,0.799,0,8,0.163
C02199,46,104513,556,32,Gold,Digital,10321,1260.78,0.54,0.559,1,5,0.214
C02200,29,91520,656,51,Classic,Digital,9894,1121.22,0.54,0.69,0,8,0.032
C02201,42,45493,712,57,Classic,Digital,6377,800.16,0.212,0.673,0,7,0.121
C02202,32,103109,657,16,Gold,digital,13587,1575.28,0.292,0.775,0,9,0.02
C02203,39,57648,702,26,GOLD,Direct Mail,8259,935.75,0.434,0.848,0,7,0.093
C02204,31,65275,670,40,Gold,Branch,9394,1190.4,0.807,0.814,0,5,0.228
C02205,28,69874,621,12,Classic, Direct Mail,3901,639.49,0.385,0.864,0,7,0.101
C02206,72,87130,678,34,Gold,Direct Mail,15223,1454.49,0.365,0.926,0,,0.043
C02207,37,139043,675,34,Platinum,Digital,29244,2798.06,0.571,0.856,0,10,0.02
C02208,52,95701,774,18,Classic,Branch,11598,1081.99,0.579,1.0,0,6,0.182
C02209,35,39253,609,57,Classic,Digital,3295,319.86,0.392,0.654,0,8,0.054
C02210,21,109295,698,52,Gold,Partner,13047,1498.18,0.257,0.751,0,8,0.067
C02211,43,71173,707,39,Gold,Partner,13890,1504.66,0.536,0.8,0,8,0.067
C02212,52,51962,699,29,Classic,Partner,7021,474.34,0.438,0.762,0,7,0.117
C02213,59,49387,694,21,Classic,Digital,5229,957.83,0.409,0.882,0,6,0.143
C02214,28,38910,709,41,Classic,Digital,6271,860.63,0.295,0.882,0,8,0.046
C02215,46,76431,703,31,Gold,Branch,15306,1015.38,0.398,0.777,1,7,0.111
C02216,44,98147,701,27,Gold,Partner,16105,1667.67,0.493,0.75,0,10,0.02
C02217,48,132384,589,87,Classic,Digital,9122,1311.99,0.679,0.514,2,8,0.055
C02218,41,29130,693,33,Classic,Branch,4353,200.51,0.286,0.654,0,7,0.08
C02219,56,64867,763,10,Gold,Partner,13844,1339.89,0.31,0.868,0,,0.193
C02220,49,46134,617,47,Classic,Partner,1555,417.78,0.514,0.735,0,7,0.094
C02221,55,161263,645,133,Platinum,Digital,28705,3514.52,0.586,0.773,0,8,0.061
C02222,63,89189,622,39,Classic,Direct Mail,10318,1276.97,0.521,0.737,1,8,0.045
C02223,33,37728,640,16,Classic,Digital,1881,334.16,0.387,0.686,0,8,0.034
C02224,44,76053,700,20,Gold,Branch,12213,1670.74,0.263,0.745,0,7,0.097
C02225,44,68942,664,28,gold,direct mail,11946,2074.0,0.317,0.769,0,8,0.047
C02226,38,50861,733,24,Classic,branch,8208,838.52,0.278,0.827,0,7,0.07
C02227,39,44752,680,16,Classic,Digital,7285,522.37,0.38,0.846,0,9,0.02
C02228,38,94250,790,26,Platinum,Partner,20659,2208.23,0.384,1.0,0,7,0.057
C02229,43,66863,699,24,Gold,Branch,10339,1052.06,0.448,0.748,0,7,0.105
C02230,28,107735,681,86,Platinum,Digital,24648,2799.75,0.598,0.742,0,9,0.02
C02231,55,85102,710,68,Gold,Digital,12209,1221.25,0.352,0.751,0,8,0.081
C02232,32,144045,638,77,Platinum,Direct Mail,28872,3201.74,0.427,0.596,2,9,0.02
C02233,38,68712,693,40,Gold,Digital,10383,1009.91,0.331,0.756,0,,0.083
C02234,32,66399,576,33,Classic,Branch,3877,710.92,0.726,0.612,0,7,0.105
C02235,47,91936,710,58,Gold,Direct Mail,13836,1243.06,0.541,0.784,1,8,0.058
C02236,22,60436,629,38,Classic,Digital,4029,404.03,0.576,0.511,1,6,0.185
C02237,52,57816,655,78,Classic,Digital,4560,603.13,0.299,0.674,0,7,0.057
C02238,39,105532,677,65, Classic,Partner,12670,1176.94,0.285,0.735,0,9,0.02
C02239,35,69426,723,36,Gold,Branch,12170,1240.3,0.264,0.908,0,7,0.134
C02240,39,88500,700,17,Gold,Digital,13235,1238.94,0.403,0.71,0,8,0.056
C02241,41,129806,682,66,platinum,partner,25830,2413.72,0.243,0.792,0,7,0.075
C02242,21,87020,782,22,Platinum,Digital,22769,2371.35,0.209,0.954,0,6,0.184
C02243,43,77190,642,55,Gold,Branch,9502,898.92,0.478,0.808,0,8,0.12
C02244,55,42134,677,62,Classic,Digital,3233,150,0.313,0.793,0,7,0.103
C02245,27,32005,600,64,Classic,Digital,1000,372.39,0.665,0.529,0,9,0.02
C02246,45,41745,660,17,Classic,Digital,7552,549.95,0.581,0.906,0,7,0.065
C02247,53,67329,683,64,Gold,Partner,8669,976.78,0.509,0.745,0,6,0.179
C02248,38,121495,735,47,Gold,Digital,22659,2226.47,0.501,0.656,0,6,0.181
C02249,30,72204,711,12,Gold,Digital,12573,1159.69,0.377,0.883,0,10,0.02
C02250,53,82059,686,29,Gold,Digital,12387,1009.01,0.33,0.952,0,6,0.139
C02251,52,78560,698,52,Gold,Direct Mail,11104,1535.26,0.364,0.677,0,8,0.02
C02252,53,210667,724,50,Platinum,Digital,40000,4899.58,0.17,0.752,0,,0.175
C02253,45,28000,688,11,Classic,Partner,4494,624.57,0.38,0.897,0,7,0.149
C02254,43,81569,725,79,Gold,Direct Mail,9021,1062.55,0.411,0.955,0,8,0.02
C02255,53,113901,687,34,Platinum,Branch,22515,2613.72,0.33,0.829,0,7,0.103
C02256,26,129586,665,37,Classic,Direct Mail,10746,1550.68,0.565,0.765,0,7,0.081
C02257,22,71744,720,119,Gold,Direct Mail,14241,1128.88,0.291,0.858,0,8,0.057
C02258,38,53797,671,20,Classic,Digital,1446,308.82,0.463,0.811,0,9,0.02
C02259,29,118614,766,18,Platinum,Digital,27835,3105.96,0.195,0.865,0,6,0.168
C02260,62,121707,648,62,Platinum,Direct Mail,27937,2948.24,0.365,0.564,0,6,0.17
C02261,42,58481,618,66,Classic,Digital,1947,560.52,0.351,0.572,0,7,0.118
C02262,38,48471,663,21,Classic,Branch,7255,542.72,0.307,0.614,0,8,0.056
C02263,46,85384,625,30,Gold,direct mail,11210,1150.05,0.471,0.638,1,9,0.025
C02264,60,76674,596,37,Classic,BRANCH,5171,384.32,0.384,0.696,0,5,0.231
C02265,53,145924,770,72,Platinum,Branch,36505,3185.3,0.272,0.76,0,,0.168
C02266,38,44804,730,110,Classic,Digital,6354,714.26,0.373,0.797,0,10,0.02
C02267,59,111571,606,11,Gold,Digital,14984,1312.03,0.582,0.588,2,,0.141
C02268,54,85315,675,60,Gold,Digital,12006,1871.33,0.468,0.873,0,7,0.106
C02269,50,87665,590,20,Classic,Branch,7690,1306.94,0.548,0.694,0,9,0.02
C02270,33,31544,685,79,Classic,Digital,4795,562.99,0.353,0.734,0,9,0.021
C02271,63,46490,639,63,Classic,Branch,1000,732.37,0.496,0.722,0,7,0.11
C02272,34,69320,613,92,Classic,Partner,4364,150,0.536,0.669,0,,0.109
C02273,54,49197,657,47,Classic,Partner,5517,794.69,0.454,0.693,0,8,0.04
C02274,21,39176,665,41,Classic,Branch,1000,150,0.297,0.582,0,7,0.119
C02275,51,174238,737,40,Platinum,Digital,36437,4038.53,0.311,0.861,0,5,0.211
C02276,40,70721,751,46,Gold,Direct Mail,10939,1218.32,0.196,0.92,0,9,0.02
C02277,42,134213,680,22, Platinum,Direct Mail,28969,3538.18,0.315,0.743,0,10,0.02
C02278,32,83933,599,51,Classic,Branch,4214,760.7,0.355,0.751,0,8,0.097
C02279,45,53222,659,42,Classic,Branch,4684,922.75,0.392,0.761,0,8,0.033
C02280,21,56531,741,13,Gold,Branch,11422,1160.94,0.297,0.777,0,8,0.049
C02281,48,172874,681,20,Gold,Branch,24078,2290.6,0.307,0.637,0,10,0.02
C02282,48,65948,601,46,Classic,Branch,4113,950.17,0.741,0.643,0,8,0.02
C02283,62,88179,669,81,Gold,Partner,10744,1346.72,0.649,0.867,0,10,0.02
C02284,40,80837,601,10,Classic,Branch,4077,1224.66,0.573,0.764,0,7,0.145
C02285,44,133919,570,89,Gold,Digital,15404,1911.77,0.361,0.525,0,7,0.15
C02286,42,74154,658,51,Gold,Direct Mail,10143,1190.78,0.251,0.761,0,10,0.02
C02287,50,92459,548,39,Classic,Direct Mail,5168,910.76,0.632,0.685,0,5,0.231
C02288,34,130140,804,27,Platinum,branch,32087,3147.29,0.25,1.0,0,9,0.02
C02289,33,80635,657,23,Classic,Digital,7411,181.34,0.347,0.637,0,,0.289
C02290,47,91080,641,26,Gold,Digital,10212,1655.64,0.295,0.624,0,8,0.071
C02291,36,59191,703,56,Gold,Direct Mail,7863,1280.33,0.553,0.914,0,6,0.135
C02292,21,178886,650,66,Platinum,Branch,35044,3884.65,0.356,0.668,2,4,0.291
C02293,49,82308,765,56,Classic,BRANCH,11348,1190.76,0.304,1.0,0,8,0.024
C02294,26,163523,687,99,Platinum,Digital,34239,3919.11,0.357,0.67,0,4,0.235
C02295,32,73042,804,38, Platinum,Branch,18257,1614.34,0.292,0.921,0,8,0.088
C02296,23,113809,686,21,Platinum,Partner,26747,3039.12,0.482,0.802,0,6,0.167
C02297,37,66475,677,52,Classic,Digital,5921,738.38,0.543,0.825,0,6,0.111
C02298,47,75281,653,72,gold,Partner,11264,1158.54,0.362,0.849,0,6,0.184
C02299,52,33730,655,58,Classic,Partner ,6608,936.57,0.459,0.895,0,9,0.02
C02300,21,76601,714,32,Gold,Digital,13953,1600.39,0.423,0.812,0,4,0.268
C02301,27,66457,613,27,Classic,Partner,4385,520.09,0.431,0.671,0,8,0.025
C02302,36,76963,711,44,Gold,Branch,11970,1652.53,0.586,0.725,0,8,0.022
C02303,34,32076,738,114,Classic,DIGITAL,5055,759.07,0.242,0.952,0,8,0.054
C02304,21,77456,624,31,Gold,Direct Mail,8220,1403.34,0.387,0.632,0,6,0.163
C02305,58,51750,555,29,Classic,Partner,1000,150,0.59,0.492,1,6,0.151
C02306,45,103810,725,33,Platinum,Branch,22267,2227.42,0.404,0.922,0,8,0.064
C02307,62,63916,683,88,Gold,Digital,8416,715.66,0.343,0.671,0,,0.181
C02308,38,59636,755,29,Gold,Digital,14546,1533.89,0.192,0.851,0,7,0.131
C02309,43,95323,700,27,Gold,Branch,15863,1429.04,0.29,0.774,0,8,0.126
C02310,48,70547,646,84, Gold,Direct Mail,10924,1459.28,0.397,0.856,0,9,0.02
C02311,36,113704,632,23,Gold,Digital,13173,1751.29,0.688,0.678,1,7,0.08
C02312,39,63889,616,8,Classic,Direct Mail,6286,881.67,0.706,0.699,0,9,0.02
C02313,40,64494,717,49,Gold,Partner,10950,1351.9,0.615,0.795,0,6,0.155
C02314,55,52310,623,33,Classic,Direct Mail,3637,409.52,0.367,0.646,0,7,0.062
C02315,42,67672,645,22,Classic,Digital,2621,810.48,0.409,0.751,0,8,0.02
C02316,39,37421,650,74,Classic,Digital,2059,253.43,0.589,0.787,0,6,0.161
C02317,49,77364,590,65,Classic,Branch,5416,684.17,0.552,0.645,1,10,0.02
C02318,25,101316,629,58,Gold,Digital,12065,1387.02,0.295,0.661,0,8,0.02
C02319,38,69535,677,40,Gold,branch,10999,1316.68,0.5,0.783,0,7,0.089
C02320,48,107342,647,26,Classic,Direct Mail,7429,752.54,0.493,0.81,1,7,0.069
C02321,63,70096,700,32,Gold,Branch,12097,1324.52,0.207,0.769,0,7,0.091
C02322,46,59174,694,62, Gold,Partner,9526,772.9,0.413,0.723,0,8,0.126
C02323,37,49076,658,40,Classic,Digital,4174,150,0.603,0.769,0,8,0.051
C02324,66,107424,679,67,Platinum,Digital,24331,2593.38,0.706,0.773,0,8,0.02
C02325,38,66168,746,15,Gold ,Digital,10340,1068.4,0.282,0.864,0,10,0.02
C02326,56,47940,668,101,Classic,Partner,2979,425.78,0.294,0.797,0,9,0.02
C02327,75,61159,656,46,Classic,DIRECT MAIL,5471,931.73,0.343,0.773,0,7,0.073
C02328,47,71511,783,32,Classic,PARTNER,8729,618.7,0.469,0.864,0,7,0.1
C02329,47,70506,674,30,Gold,Digital,10594,1007.56,0.301,0.76,0,8,0.053
C02330,29,61189,617,119,Classic,Branch,2693,617.38,0.462,0.674,0,6,0.163
C02331,36,91494,677,36, Gold,Digital,13286,1390.39,0.557,0.711,0,8,0.03
C02332,33,76556,643,124,Gold,Partner,7304,1323.21,0.312,0.694,1,7,0.122
C02333,36,76811,705,64,Gold,Branch,11542,1220.21,0.37,0.755,0,7,0.083
C02334,36,67645,615,24,Classic,Branch,3291,371.67,0.386,0.666,0,7,0.118
C02335,43,51510,738,62,Gold,Direct Mail,12305,1382.8,0.419,0.911,0,5,0.148
C02336,52,81239,734,18,Gold,Direct Mail,14998,1675.69,0.221,0.883,0,7,0.09
C02337,27,139685,657,29,Platinum,Digital,27675,3212.53,0.376,0.696,0,7,0.105
C02338,46,72226,747,77,Gold,Digital,11373,1476.53,0.193,0.893,0,10,0.02
C02339,32,136024,631,32,Platinum,Digital,25985,2732.5,0.512,0.702,0,9,0.02
C02340,31,135216,590,45,Classic,Partner,8699,1161.79,0.578,0.45,1,8,0.065
C02341,47,71953,657,19,Gold,Digital,8846,984.6,0.339,0.593,0,7,0.103
C02342,46,38151,730,11,Classic,Digital,4781,468.0,0.446,0.666,0,7,0.102
C02343,42,114627,627,32,Gold,Digital,13450,1538.31,0.403,0.735,0,7,0.105
C02344,32,98896,783,36,Platinum,Branch ,27987,2667.58,0.332,0.813,0,10,0.02
C02345,36,54707,720,78,Gold,Partner,9123,1136.33,0.513,0.786,0,7,0.135
C02346,46,87836,766,45,Gold,Branch,14363,1481.47,0.182,0.937,0,5,0.225
C02347,26,51343,632,7,Classic,Partner,2595,336.03,0.376,0.776,0,7,0.212
C02348,34,119833,658,39,platinum,Branch,23956,2211.01,0.247,0.731,0,8,0.089
C02349,50,28000,693,14,Classic ,Branch,4288,850.65,0.352,0.802,0,7,0.131
C02350,66,116767,613,23,Gold,Direct Mail,8995,1373.08,0.322,0.676,1,9,0.033
C02351,45,105881,643,17,Gold,Digital,14790,1801.07,0.499,0.688,0,6,0.135
C02352,37,73072,745,35,GOLD,Branch,14024,1289.76,0.266,0.842,0,10,0.02
C02353,35,86292,722,11,Gold,Partner,12706,1668.68,0.388,0.987,0,8,0.032
C02354,48,38881,616,59,Classic,Direct Mail,4019,915.2,0.613,0.777,0,8,0.077
C02355,47,148229,652,30,Classic,Partner,11575,1431.41,0.449,0.825,0,7,0.107
C02356,39,65190,758,51,Gold,Branch,10094,1288.67,0.21,0.858,0,6,0.195
C02357,45,104040,774,18,Classic,Branch,13376,919.51,0.148,0.958,0,7,0.114
C02358,34,33862,650,78,Classic,Direct Mail,2262,413.44,0.592,0.661,0,8,0.052
C02359,29,101617,593,13,Gold,Direct Mail,11227,1487.65,0.399,0.645,0,6,0.192
C02360,47,111861,779,101,Platinum,Digital,28241,2825.97,0.364,0.894,0,7,0.067
C02361,37,63360,622,21,Classic ,Digital,1473,349.51,0.478,0.645,0,5,0.2
C02362,41,140570,674,8,Platinum,Partner,28347,3310.63,0.311,0.789,0,8,0.032
C02363,68,107611,779,89,PLATINUM,Direct Mail,28098,2883.63,0.144,0.836,0,7,0.108
C02364,44,75411,744,69,Classic,DIRECT MAIL,9073,1093.03,0.238,0.84,0,9,0.021
C02365,35,70617,571,58,Classic,Partner,3734,570.02,0.551,0.72,0,6,0.158
C02366,50,79455,715,42,Gold,Digital,14002,1492.66,0.406,0.922,0,7,0.104
C02367,43,54670,645,75,Classic,Digital,3756,224.9,0.746,0.772,0,7,0.096
C02368,40,97769,693,88,Classic,Branch,7257,1076.71,0.408,0.693,0,8,0.02
C02369,70,41882,720,81,CLASSIC,Digital,5532,249.51,0.288,0.983,0,7,0.105
C02370,56,61592,666,31,Classic,Digital,5397,465.49,0.442,0.752,0,6,0.153
C02371,57,193636,673,18,Platinum,Direct Mail,38707,4092.76,0.322,0.545,0,8,0.055
C02372,30,50311,698,41,Classic,PARTNER,5189,663.47,0.528,0.751,0,7,0.073
C02373,31,67919,695,33,Gold,Digital,10745,759.06,0.441,0.784,0,9,0.09
C02374,60,66046,781,56,Gold,Branch,14495,1608.56,0.197,0.919,0,6,0.184
C02375,34,61485,610,31,Classic,Digital,3196,540.68,0.55,0.709,0,5,0.233
C02376,66,65813,727,58,Gold,Digital,10590,1388.16,0.532,0.699,0,9,0.02
C02377,29,41265,708,53, Classic,Branch,7083,764.08,0.318,0.9,0,6,0.122
C02378,43,138838,707,68,Platinum,Partner,27423,3059.65,0.293,0.783,0,4,0.24
C02379,48,124887,626,44,Gold,Direct Mail,15603,2097.94,0.344,0.736,0,9,0.02
C02380,30,120104,648,58,Platinum,Direct Mail,20923,2515.06,0.469,0.603,0,8,0.068
C02381,34,66417,635,74,Classic,Digital,1475,155.01,0.418,0.625,0,8,0.035
C02382,33,67969,676,28,Classic,Digital ,8957,1191.06,0.567,0.816,0,9,0.02
C02383,31,72515,624,66,Classic,Digital,4385,509.65,0.398,0.603,0,7,0.121
C02384,37,134050,761,34,Platinum,Branch,32226,3765.47,0.236,0.907,0,7,0.092
C02385,57,65266,690,51,Classic,Digital,3394,621.06,0.388,0.83,0,6,0.155
C02386,42,63344,763,41,gold,Digital,15619,1415.97,0.461,0.792,0,10,0.02
C02387,29,82597,692,39,Gold,Branch,12225,1229.12,0.374,0.85,0,6,0.154
C02388,37,28000,703,15,Classic,Digital,1960,150,0.289,0.807,0,,0.153
C02389,21,62223,613,57,Classic,Digital,6392,557.95,0.695,0.714,0,8,0.064
C02390,28,60823,623,7,Classic,Digital,1148,437.22,0.432,0.745,1,8,0.094
C02391,23,59545,604,48,Classic,Branch,2342,739.98,0.622,0.629,0,7,0.098
C02392,41,28463,834,53,Gold,Digital,8810,1135.78,0.095,1.0,0,7,0.07
C02393,34,208268,794,50,Platinum,Branch,40000,4503.77,0.201,0.897,0,8,0.074
C02394,33,71091,645,26,Gold,Digital,11647,985.17,0.395,0.701,0,7,0.136
C02395,40,82207,721,9,Classic,Digital,8597,1050.44,0.382,0.978,0,,0.19
C02396,61,163940,773,31,Classic,Direct Mail,19332,1935.15,0.33,0.901,0,7,0.13
C02397,39,49758,681,9,Classic,Partner,4565,521.52,0.386,0.802,0,6,0.157
C02398,52,82218,645,74,Classic,Partner,6304,991.7,0.586,0.794,1,9,0.02
C02399,45,80499,569,13,Classic, Partner,1354,588.39,0.599,0.622,1,7,0.126
C02400,53,39524,659,41,Classic,Digital,4491,204.78,0.431,0.606,0,10,0.02
C02401,42,69121,775,29,Gold,Direct Mail,13740,1172.35,0.3,0.745,0,6,0.198
C02402,46,80502,776,42,Platinum,Direct Mail,20527,2427.9,0.151,0.768,0,6,0.189
C02403,58,77666,737,24,Classic,Branch,7364,884.46,0.326,0.949,1,6,0.147
C02404,42,159528,735,27,Platinum,Digital,34149,3567.17,0.256,0.828,0,8,0.054
C02405,24,84131,638,15, Classic,Digital,2905,527.84,0.403,0.755,0,9,0.02
C02406,38,37158,653,28,Classic,Branch,4767,621.63,0.267,0.647,0,6,0.183
C02407,35,37330,699,37,Classic,Direct Mail,6826,150,0.205,0.72,0,7,0.14
C02408,47,81817,629,25,Gold,Digital,11328,1427.59,0.365,0.71,0,8,0.077
C02409,59,94271,670,19,Gold,Partner,10890,1068.64,0.27,0.678,0,9,0.02
C02410,43,42705,727,69,Gold,Branch,8536,1484.29,0.233,0.895,0,5,0.212
C02411,50,38053,775,27,Gold,DIGITAL,8906,919.04,0.261,0.959,0,7,0.092
C02412,46,85642,622,43,Gold,Partner,9791,1507.39,0.422,0.676,0,7,0.093
C02413,59,116558,640,50,Gold ,Direct Mail,12960,1267.12,0.419,0.579,0,10,0.02
C02414,31,141958,689,35,Platinum, Direct Mail,30447,2817.33,0.351,0.782,0,6,0.173
C02415,45,102662,622,38,Classic,Direct Mail,8005,1042.73,0.403,0.65,0,9,0.02
C02416,54,118958,722,49,Platinum,Partner,25007,2515.85,0.351,0.869,0,,0.129
C02417,32,64239,710,46,Gold,Partner,11072,1024.99,0.498,0.917,0,7,0.132
C02418,50,40794,632,47,Classic,Digital,1000,162.23,0.449,0.676,0,4,0.253
C02419,34,48703,614,14,Classic,Digital,2937,374.14,0.634,0.745,0,6,0.166
C02420,58,224342,724,82,Platinum,Partner,40000,4364.16,0.527,0.789,0,8,0.031
C02421,47,126214,676,15,Platinum,Digital,27641,3359.8,0.442,0.764,0,10,0.02
C02422,41,123437,646,43,Platinum ,Digital,25610,2664.93,0.472,0.617,0,9,0.02
C02423,46,114834,640,33,Classic,Partner,6645,861.5,0.297,0.734,0,8,0.103
C02424,54,96149,717,59,Gold,Digital,16592,1634.28,0.325,0.745,0,6,0.163
C02425,50,77223,673,59,Gold,Partner,11308,1471.73,0.373,0.719,1,8,0.056
C02426,34,67381,520,68,Classic,BRANCH,2369,577.35,0.792,0.61,0,7,0.132
C02427,54,93735,701,38,Gold ,Digital,15277,1701.46,0.384,0.828,0,,0.217
C02428,52,89817,761,65,Platinum,Digital,21867,2146.68,0.248,0.738,0,,0.038
C02429,25,113348,751,43,Platinum,Digital ,26607,2559.6,0.411,0.885,0,,0.408
C02430,35,113192,625,88,Gold,Direct Mail,13522,1783.28,0.472,0.759,1,8,0.072
C02431,32,119923,719,15,platinum,Partner,27429,2914.06,0.578,0.853,0,,0.101
C02432,44,78652,687,44,Gold,Digital,13861,1392.1,0.414,0.715,0,10,0.02
C02433,37,107371,728,14,Classic,Digital,12055,1495.18,0.201,0.902,0,,0.061
C02434,30,75771,640,13,Gold,Digital,7132,896.35,0.359,0.682,0,6,0.245
C02435,38,64467,773,33, Gold,Partner,11018,1361.01,0.284,0.926,0,8,0.065
C02436,32,95209,707,21,Gold,Direct Mail,15561,1802.43,0.219,0.865,0,7,0.095
C02437,31,59232,587,78,Classic,Direct Mail,2193,185.07,0.391,0.593,1,9,0.02
C02438,36,50950,613,47,Classic,Digital,3424,226.58,0.551,0.761,0,8,0.059
C02439,40,165971,707,43,Platinum,Digital,34311,4183.96,0.449,0.682,0,9,0.02
C02440,24,70663,660,44,Gold,Branch,9826,875.96,0.39,0.753,0,7,0.187
C02441,56,59199,662,17,Classic,Partner,5134,1069.03,0.35,0.767,0,8,0.082
C02442,49,45905,639,30,Classic,Partner,3585,288.69,0.445,0.84,0,6,0.149
C02443,31,93073,645,26,Gold,Direct Mail,12753,1361.62,0.671,0.803,0,6,0.152
C02444,31,58735,685,9,Gold,Digital,10237,864.3,0.51,0.681,0,7,0.209
C02445,41,145050,742,29,Platinum,Digital,31311,2944.87,0.544,0.865,0,7,0.116
C02446,27,83092,657,56,Gold,digital,11438,1122.49,0.357,0.768,0,6,0.185
C02447,50,81421,653,100,Gold,Branch,10044,554.71,0.785,0.645,0,7,0.202
C02448,41,131133,674,71,Gold,Partner,17509,2066.43,0.403,0.702,0,6,0.156
C02449,21,106684,615,173,Gold,Digital,16079,1640.69,0.634,0.564,1,8,0.036
C02450,51,65124,682,157,Classic,Digital,4788,879.65,0.436,0.686,0,7,0.13
C02451,46,61580,715,37,Gold,direct mail,9632,808.85,0.335,0.891,0,7,0.193
C02452,65,119606,715,49,Platinum ,branch,26959,2978.61,0.482,0.84,0,9,0.026
C02453,42,227405,809,65,Platinum,Digital,40000,4603.97,0.233,0.94,0,8,0.063
C02454,28,46666,710,33,Classic,Partner,7727,609.51,0.248,0.963,0,9,0.04
C02455,58,36926,760,26,Gold,Branch,6284,339.89,0.403,0.909,0,6,0.236
C02456,30,46104,798,37,Gold,Digital,8734,1029.14,0.166,0.91,0,7,0.117
C02457,44,91756,677,15,gold,Branch,12311,1131.78,0.317,0.872,0,5,0.229
C02458,26,63412,645,48,Classic,Digital,3075,520.11,0.383,0.6,0,8,0.089
C02459,49,61632,698,66,Gold,Partner,9292,1566.95,0.324,0.801,2,6,0.148
C02460,32,102296,706,11,Classic,Partner,8796,662.69,0.353,0.91,0,10,0.02
C02461,44,61243,664,7,Classic,Digital,4314,434.2,0.63,0.745,0,7,0.145
C02462,43,32368,638,74,Classic,Partner,1000,276.49,0.441,0.636,1,8,0.092
C02463,21,47173,666,31,Classic,Digital,3125,453.43,0.416,0.693,1,9,0.02
C02464,35,66710,726,76,Gold,partner,9231,1070.7,0.37,0.705,0,9,0.02
C02465,44,57529,725,4,Gold,Partner,12504,1154.8,0.255,0.806,0,4,0.31
C02466,34,74013,715,34,Gold,Branch,11889,1361.2,0.287,0.816,0,8,0.066
C02467,21,85000,588,36,Classic,Digital,6501,1005.73,0.752,0.642,0,6,0.15
C02468,53,53294,755,55,Gold,Branch,17339,725.96,0.354,0.75,0,6,0.244
C02469,63,169208,610,51,Platinum,Direct Mail,31619,3220.39,0.661,0.568,0,8,0.048
C02470,49,79226,697,21,Gold,Partner,11549,1298.79,0.378,0.845,0,6,0.139
C02471,38,48597,748,47,Classic,Partner,6449,979.09,0.343,0.794,0,9,0.022
C02472,54,48744,624,34,Classic,Digital,5166,938.21,0.618,0.567,0,6,0.18
C02473,41,32168,669,9,Classic,Direct Mail,5197,278.56,0.325,0.678,0,7,0.117
C02474,45,60230,684,84,Classic,Digital,5925,890.76,0.377,0.793,0,8,0.056
C02475,50,110190,693,35,Classic,Direct Mail,12119,1556.62,0.354,0.87,0,9,0.02
C02476,41,68773,710,11,Gold,Direct Mail,11027,1312.53,0.415,0.881,0,8,0.022
C02477,30,64030,617,48,Classic,Digital,5397,922.52,0.456,0.711,1,7,0.117
C02478,68,80498,692,57,Gold,Digital,12458,1562.0,0.276,0.763,0,,0.172
C02479,52,182121,681,14,Platinum, Direct Mail,36454,3610.86,0.38,0.755,0,4,0.275
C02480,50,29191,585,34,Classic,Digital,1000,440.0,0.515,0.676,0,8,0.08
C02481,29,55311,699,28,Gold,Partner,10848,874.49,0.326,0.789,0,8,0.071
C02482,35,99843,673,40,Gold,Branch,13081,1461.47,0.65,0.793,0,8,0.041
C02483,27,85237,798,31,Gold,Direct Mail,18419,1370.62,0.61,1.0,0,7,0.144
C02484,43,65915,667,59,Gold,Digital ,8839,929.34,0.503,0.656,0,6,0.136
C02485,31,68219,560,52,Classic, Partner,1000,449.94,0.829,0.571,0,7,0.08
C02486,40,41809,609,37,Classic,Branch,1000,150,0.645,0.672,0,6,0.164
C02487,36,63464,607,35,Classic,Digital,3410,650.01,0.437,0.675,0,9,0.02
C02488,27,166514,721,10,Classic,Digital,13982,1809.08,0.468,0.874,0,8,0.038
C02489,49,43323,706,36,Classic,Direct Mail,6854,697.7,0.256,0.881,0,8,0.02
C02490,32,39967,645,53,Classic,Digital,4081,150,0.355,0.742,1,5,0.216
C02491,47,42733,708,53,Classic ,Digital,3087,502.39,0.334,0.84,0,10,0.02
C02492,37,75891,694,2,Classic,Digital,9506,1117.71,0.274,0.776,0,9,0.091
C02493,55,196288,699,64,Platinum,Partner,40000,4722.17,0.48,0.786,0,9,0.02
C02494,24,134294,760,66,Gold,Digital,20137,2234.09,0.27,0.756,0,6,0.176
C02495,44,59957,624,28,Classic,Direct Mail,3655,505.82,0.363,0.544,0,8,0.079
C02496,40,40833,699,50,Classic,Digital,5176,196.36,0.285,0.654,0,7,0.097
C02497,48,44413,720,92,Gold,Digital,8924,1333.95,0.335,0.888,0,7,0.106
C02498,22,41500,692,50,Classic,Branch,6912,901.06,0.391,0.762,0,6,0.136
C02499,44,52342,659,51,Classic,Digital,3363,596.11,0.323,0.78,0,6,0.115
C02500,46,44943,745,30,Gold,Branch,11695,1095.72,0.35,0.659,0,8,0.035
C02501,56,61850,625,43,Classic,Branch,4011,386.27,0.377,0.66,0,7,0.088
C02502,47,62430,676,14,Gold,Digital,11379,1198.16,0.398,0.805,0,8,0.075
C02503,53,91506,746,59,Platinum,Branch,21202,2265.11,0.228,0.951,0,4,0.281
C02504,52,78036,733,33,GOLD,Branch,11908,1329.79,0.364,0.864,0,9,0.02
C02505,47,81049,675,95,Gold,Digital ,12583,970.98,0.55,0.757,0,5,0.188
C02506,56,63619,696,10,Gold,Digital,8214,1063.67,0.226,0.795,0,10,0.02
C02507,52,62530,703,21,Gold,Digital,10795,994.72,0.462,0.864,0,9,0.02
C02508,49,104906,713,35,Platinum,Digital,25861,3129.98,0.631,0.784,1,7,0.114
C02509,48,76468,718,41,Gold,Direct Mail,13806,1231.72,0.229,0.829,0,4,0.289
C02510,36,91804,652,18,Gold,partner,13399,1767.5,0.524,0.671,0,8,0.051
C02511,47,97134,714,36,platinum,Digital,23042,2387.75,0.305,0.977,0,9,0.02
C02512,44,109415,727,27,Classic,Digital,8805,1323.92,0.588,0.716,0,6,0.177
C02513,21,59248,708,23,Gold,Direct Mail,7961,966.84,0.31,0.731,0,6,0.145
C02514,40,79291,646,22,Gold,Branch,6696,703.77,0.285,0.68,0,,0.211
C02515,43,280000,741,38,Platinum,Digital,40000,4828.87,0.619,0.874,0,8,0.078
C02516,33,86763,575,17,Classic,Partner,1615,451.07,0.424,0.577,0,7,0.129
C02517,41,52730,673,66, Classic,Partner,2889,1086.09,0.343,0.879,0,6,0.143
C02518,30,148298,670,59,Platinum,Digital,31125,3243.85,0.546,0.877,0,7,0.116
C02519,40,130088,705,75,Classic,Branch,13406,1880.78,0.238,0.739,0,7,0.09
C02520,56,101895,654,34,Gold,Digital,14388,1384.4,0.47,0.678,0,6,0.216
C02521,21,37040,710,88,Classic,Digital,4483,579.7,0.284,0.866,0,5,0.244
C02522,51,68250,606,59,Classic,Branch,6607,1384.82,0.516,0.508,0,6,0.166
C02523,58,107812,759,51,Platinum,Partner,27829,2333.81,0.217,0.912,0,,0.098
C02524,31,29316,604,32,Classic,Digital,1000,150,0.501,0.675,0,7,0.108
C02525,48,88596,742,68,Platinum,Direct Mail,23382,2207.58,0.18,0.843,0,5,0.231
C02526,44,45905,719,21,Gold,Partner,6307,1103.04,0.551,0.955,0,10,0.02
C02527,26,137965,722,17,Platinum,Partner,31053,3632.52,0.669,0.776,0,9,0.02
C02528,64,94919,770,39,Platinum,Branch,24334,2818.69,0.412,0.948,0,7,0.097
C02529,49,74095,685,79,Gold,Digital,10601,1181.7,0.358,0.611,0,7,0.117
C02530,39,62226,747,34,Gold,Digital,13968,1288.01,0.257,0.937,0,7,0.113
C02531,39,76027,772,40,Classic,Direct Mail,8821,807.62,0.356,0.831,0,7,0.106
C02532,63,47983,660,41,Classic,Digital,2733,576.28,0.607,0.872,0,9,0.02
C02533,75,152237,733,13,Platinum, Digital,35314,3687.34,0.415,0.878,0,6,0.174
C02534,43,96986,709,33,Platinum,Partner,20444,2078.89,0.507,0.786,0,7,0.072
C02535,37,204467,758,47,Platinum,Digital,40000,4666.28,0.321,0.836,0,7,0.072
C02536,32,53837,595,72,Classic,Digital,1345,432.3,0.358,0.556,1,10,0.02
C02537,48,52097,522,49,Classic,Partner,1000,150,0.459,0.463,1,8,0.081
C02538,21,72300,763,40,Gold,Branch,12108,1221.29,0.26,0.771,0,8,0.052
C02539,25,28000,687,35,Classic,Partner,4679,375.98,0.322,0.874,0,8,0.067
C02540,51,63558,653,59,Classic,Digital,3620,678.23,0.422,0.668,0,7,0.153
C02541,29,180185,735,118,Platinum, Branch,40000,4523.64,0.291,0.725,0,7,0.097
C02542,49,38383,717,24,Classic,Partner,4897,576.58,0.274,0.869,0,10,0.02
C02543,59,45726,765,36,Gold,Digital,9197,1417.24,0.259,0.791,0,8,0.026
C02544,41,66505,739,39,Gold,Digital,14542,776.73,0.223,0.896,0,7,0.194
C02545,40,55307,697,12,Gold,Digital,9802,1340.01,0.317,0.776,0,8,0.02
C02546,40,64760,772,42,Gold,Digital,9690,961.0,0.19,0.937,0,6,0.224
C02547,22,84167,771,26,Platinum,Direct Mail,21176,2049.5,0.417,0.966,0,8,0.056
C02548,38,89591,744,14,PLATINUM,Digital,18710,2029.83,0.299,0.886,0,6,0.166
C02549,38,43807,622,28,Classic,Partner,5808,665.54,0.648,0.534,1,7,0.132
C02550,59,47915,759,9,Gold,Direct Mail,10337,964.62,0.27,0.93,0,6,0.19
C02551,39,94423,708,34,Gold,Partner,13193,2103.45,0.199,0.762,0,7,0.135
C02552,35,104082,759,26,Platinum,Direct Mail,23984,2294.56,0.451,0.948,0,,0.063
C02553,21,81873,725,13,Gold,digital,15865,1743.58,0.44,0.783,0,10,0.02
C02554,34,72955,646,74,Gold,Branch,8792,1034.48,0.347,0.599,1,6,0.137
C02555,53,119733,780,51,Classic,Partner,12642,1651.65,0.266,0.83,0,7,0.126
C02556,40,57068,738,63,Gold,Branch,10387,1181.42,0.481,0.79,0,5,0.169
C02557,40,88488,726,43,Gold,Partner,15318,1565.77,0.317,0.795,0,7,0.1
C02558,52,98135,641,32,Gold,Digital,9771,1251.34,0.38,0.648,0,7,0.126
C02559,37,66310,651,33,Classic, Branch,6835,692.02,0.605,0.686,0,9,0.02
C02560,54,48334,710,63,Gold,Partner,8483,943.12,0.479,0.809,0,5,0.208
C02561,25,75745,738,31,Gold,Digital,14715,1255.05,0.423,0.93,0,7,0.125
C02562,38,136700,751,39,Platinum,Branch,31316,3121.24,0.393,0.888,0,9,0.02
C02563,43,147142,604,29,Platinum,Branch,29493,3397.22,0.412,0.645,0,6,0.176
C02564,36,75922,734,46,Gold,Direct Mail,11797,1440.42,0.532,0.91,0,8,0.066
C02565,36,93916,682,40,Gold,Branch,9719,1009.42,0.317,0.763,0,6,0.161
C02566,26,41351,626,75,Classic,Digital,3184,308.99,0.564,0.835,0,6,0.168
C02567,39,45898,758,17,Gold,Digital,8865,548.13,0.326,0.889,0,10,0.026
C02568,21,63609,761,26,Classic,Digital,9317,499.88,0.351,1.0,0,9,0.02
C02569,38,83287,618,68,Gold,Partner ,11832,1566.41,0.545,0.718,0,10,0.02
C02570,34,93675,602,172,Gold,Partner,9297,1108.52,0.487,0.769,0,8,0.044
C02571,61,44328,678,66,Classic,Digital,3357,694.0,0.315,0.8,0,10,0.02
C02572,36,74641,646,50,Gold,Partner,7767,1065.06,0.419,0.811,0,8,0.07
C02573,49,30551,699,22,Classic,Partner,4232,412.21,0.318,0.918,0,5,0.197
C02574,33,49014,690,18,Classic,Digital,4595,1038.43,0.419,0.865,0,8,0.101
C02575,53,49017,682,37,Classic,Partner,1778,369.41,0.34,0.708,0,7,0.092
C02576,23,31068,641,58,Classic,Digital,1474,253.85,0.566,0.703,0,4,0.319
C02577,33,58273,676,71,Classic,Digital,6400,782.08,0.388,0.777,0,9,0.02
C02578,21,110055,702,9,Platinum,Partner,25040,2036.68,0.394,0.709,2,6,0.165
C02579,59,83985,586,59,Classic,Digital,3529,460.17,0.468,0.746,0,6,0.135
C02580,22,157661,716,29,Platinum,Direct Mail,33839,3382.62,0.263,0.847,0,7,0.117
C02581,44,71490,711,34,Gold,Direct Mail,10693,1152.84,0.248,0.78,0,5,0.253
C02582,52,159531,704,31,Platinum,Branch,34012,3881.39,0.412,0.823,0,6,0.154
C02583,52,28440,789,29,Gold,Partner,6949,889.22,0.275,0.953,0,10,0.022
C02584,47,197391,618,50,Platinum,Branch,37598,4357.75,0.515,0.75,0,8,0.081
C02585,52,51315,662,23,Classic,Digital,1911,150,0.318,0.733,0,,0.13
C02586,44,52160,623,40,Classic,Branch,5979,150,0.557,0.706,0,9,0.02
C02587,64,111283,573,18,Gold,Digital,8937,1569.89,0.437,0.752,0,6,0.151
C02588,66,101508,634,64,Classic,Digital,5909,666.75,0.36,0.81,2,7,0.156
C02589,44,63227,633,35,Classic,Branch,3429,623.94,0.475,0.68,0,8,0.073
C02590,31,44758,595,34,Classic, Direct Mail,4472,723.88,0.303,0.666,0,9,0.02
C02591,42,101461,597,27,Gold,Digital,11946,1197.5,0.399,0.752,0,8,0.041
C02592,24,109736,649,42,Gold,Digital,15204,1861.51,0.512,0.816,0,6,0.148
C02593,30,48873,647,23,Classic,Direct Mail,5419,538.88,0.529,0.757,0,7,0.106
C02594,32,37568,618,35,Classic,Digital,1440,451.77,0.401,0.556,0,7,0.124
C02595,58,58700,706,35,Gold,Digital,10220,1130.11,0.321,0.754,0,6,0.17
C02596,45,50833,822,38,Gold,Digital,11008,1092.2,0.192,0.872,0,8,0.036
C02597,40,57601,762,77,Gold,Digital,12441,1212.05,0.264,0.888,0,10,0.02
C02598,21,68679,672,15,Gold,Branch,8574,1331.85,0.385,0.755,0,7,0.108
C02599,44,95271,539,31,Classic,Partner,5920,845.2,0.612,0.598,1,7,0.123
C02600,43,132875,709,81,Platinum,Digital,31330,2952.67,0.436,0.729,0,8,0.053
C02601,26,113585,724,62,Classic,Partner,8867,1037.93,0.377,0.808,0,9,0.02
C02602,41,64957,655,27,Classic,Partner,6614,852.1,0.544,0.785,0,6,0.13
C02603,34,51044,699,18,Gold,Partner,6925,1133.1,0.624,0.733,0,5,0.19
C02604,51,62817,666,17, Gold,Branch,7352,737.49,0.624,0.766,0,10,0.046
C02605,45,73965,645,45,Gold,Branch,8366,1181.29,0.297,0.63,0,7,0.143
C02606,57,70748,750,9,Gold,Digital,12111,1898.95,0.312,0.829,0,9,0.02
C02607,28,49693,591,37,classic,Partner,3091,603.43,0.465,0.664,0,9,0.02
C02608,57,91353,722,46,Gold,Partner,15706,1270.58,0.422,0.798,0,8,0.057
C02609,27,28000,652,75,Classic,Branch,4365,712.66,0.437,0.738,0,5,0.214
C02610,55,60142,654,79,Classic,Digital,8731,1377.59,0.483,0.709,1,8,0.02
C02611,40,72620,745,17,Gold,Branch,9750,1039.53,0.226,0.825,0,5,0.247
C02612,26,93901,611,25,Gold, Digital,11157,1209.3,0.473,0.765,0,8,0.094
C02613,48,43164,651,13,Classic,Digital,3328,345.63,0.657,0.868,0,9,0.02
C02614,46,67845,716,52,gold,Digital,13440,1597.68,0.334,0.985,0,6,0.19
C02615,32,65496,595,17,Classic,DIGITAL,3731,314.39,0.624,0.633,0,7,0.091
C02616,43,28483,697,39,Classic,Digital,5295,776.63,0.302,0.725,0,8,0.067
C02617,61,77421,629,18,Gold,Digital,5073,855.04,0.378,0.796,0,10,0.026
C02618,34,140272,715,52,Platinum,Partner,30909,3374.3,0.431,0.729,0,8,0.089
C02619,43,101144,655,78,GOLD,Digital,11243,1363.92,0.514,0.681,0,10,0.02
C02620,49,146291,616,23,Platinum,Direct Mail,28631,3173.54,0.521,0.674,0,7,0.122
C02621,30,68575,689,47,Gold,Digital,8856,1215.43,0.459,0.872,0,7,0.13
C02622,32,61330,742,30,Classic,Partner,9586,1210.91,0.304,0.786,0,8,0.068
C02623,41,79222,725,51,Gold,Branch,13913,1471.61,0.21,0.816,0,7,0.143
C02624,40,49391,580,102,Classic,direct mail,2282,150,0.557,0.756,0,4,0.274
C02625,66,46402,713,25,Gold,Partner,11330,1024.96,0.436,0.796,0,7,0.085
C02626,21,66236,760,104,Gold,Digital,13560,1295.85,0.231,0.843,0,6,0.17
C02627,38,64245,662,111,Classic,Partner,6128,654.8,0.248,0.739,0,9,0.02
C02628,52,47049,744,38,Gold,Direct Mail,9464,684.41,0.451,0.927,0,4,0.364
C02629,46,106492,670,19,Gold,Direct Mail,16848,2616.52,0.367,0.678,0,7,0.109
C02630,48,68482,661,16,Gold,Digital,7251,1151.99,0.584,0.762,0,7,0.091
C02631,62,73933,627,32,Classic,Digital,2287,150,0.389,0.66,1,7,0.11
C02632,49,69585,638,7,Classic,Digital,8104,957.96,0.432,0.791,0,9,0.062
C02633,56,122760,740,50,Platinum,Partner,27523,2840.06,0.423,0.727,0,9,0.02
C02634,51,151535,659,26,Classic,Partner,14066,1597.8,0.333,0.794,0,9,0.02
C02635,46,38928,692,35,Classic,Branch,1401,150,0.468,0.675,0,8,0.049
C02636,38,101775,658,102,Gold,Branch,13178,1543.25,0.496,0.715,0,8,0.02
C02637,52,34404,670,56,Classic,Direct Mail,1000,150,0.302,0.816,0,6,0.209
C02638,58,125249,732,51,Platinum,Digital,27880,3319.03,0.266,0.734,0,8,0.052
C02639,36,75195,665,87,Gold,Digital,10288,1778.6,0.547,0.779,0,4,0.249
C02640,42,88314,627,11,Gold,Digital,8634,1420.57,0.506,0.803,0,,0.02
C02641,39,64633,712,21,Gold,Partner,9286,1352.96,0.286,0.771,0,6,0.175
C02642,60,89286,747,51,Platinum,Digital,24289,2630.09,0.263,0.979,0,6,0.145
C02643,42,48740,733,31,Gold,branch,9887,1168.56,0.184,0.848,0,8,0.02
C02644,37,53440,613,80,Classic,Direct Mail ,1000,272.46,0.338,0.688,0,9,0.02
C02645,27,64295,677,120,Gold,Partner,8950,1186.26,0.32,0.804,0,7,0.1
C02646,42,32598,680,8,Classic,Digital,7611,742.82,0.531,0.834,0,9,0.02
C02647,47,50212,718,21,Gold,Direct Mail,8836,950.27,0.519,0.742,0,5,0.244
C02648,47,94677,595,46,Gold,Digital ,13509,1739.51,0.709,0.587,0,10,0.02
C02649,48,94216,691,43,Gold,Digital,12907,1388.11,0.332,0.807,0,4,0.254
C02650,28,59515,631,77,Classic,Digital,4424,735.89,0.445,0.626,0,8,0.046
C02651,44,54103,789,69,Gold,Branch,15248,1358.33,0.293,0.832,0,7,0.084
C02652,53,71259,701,62,Gold, Digital,8916,994.78,0.259,0.803,0,10,0.02
C02653,32,48997,713,34,Gold,Partner,7595,703.41,0.438,0.78,0,7,0.186
C02654,47,68715,747,40,Gold, Branch,11538,1105.41,0.601,0.837,0,10,0.02
C02655,38,132626,721,33,Platinum,Partner,32815,3398.76,0.432,0.943,0,8,0.061
C02656,46,107212,696,63,Platinum,Digital,22608,2136.94,0.395,0.774,0,8,0.026
C02657,34,40565,651,41,CLASSIC,Digital,2116,653.32,0.538,0.574,0,7,0.118
C02658,28,115621,613,44, Gold,Digital,15275,1844.43,0.434,0.591,2,10,0.02
C02659,27,83288,703,91,Gold,Partner,13785,1509.19,0.275,0.756,0,8,0.075
C02660,31,69351,656,74,Gold,Branch,11001,1185.09,0.465,0.681,2,8,0.048
C02661,41,128770,694,47,Platinum,Digital,28909,3138.22,0.316,0.744,0,8,0.046
C02662,27,89697,772,32,Platinum,Partner,21155,2383.83,0.299,0.748,0,7,0.128
C02663,36,64731,648,41,Classic,Digital,8107,940.79,0.511,0.784,0,7,0.079
C02664,59,81527,748,25,Gold, Branch,13781,1319.29,0.433,0.852,1,,0.043
C02665,36,61989,647,56,Classic,Branch,3414,321.96,0.497,0.726,0,7,0.12
C02666,34,44248,640,49,Classic,Branch,3998,941.81,0.393,0.74,0,8,0.053
C02667,69,91223,658,25,Gold,Branch,15208,1411.81,0.327,0.77,0,8,0.047
C02668,47,39806,749,10,Gold,BRANCH,8331,935.71,0.483,0.803,0,7,0.112
C02669,38,66720,689,88, Gold,Branch,9549,959.63,0.567,0.72,0,7,0.125
C02670,45,103428,538,34,Classic,Digital,5084,810.33,0.681,0.576,0,7,0.089
C02671,51,98788,736,17,Platinum,Partner,22692,2192.78,0.275,0.81,0,7,0.117
C02672,47,81890,579,54,CLASSIC,Partner,7336,1076.24,0.429,0.62,0,8,0.088
C02673,30,71448,698,23,Gold,Branch,10575,431.63,0.444,0.793,0,5,0.323
C02674,56,141272,743,55,Platinum,Partner,31310,3323.14,0.323,0.871,0,8,0.069
C02675,39,36776,724,30,Classic,Partner,3437,244.43,0.288,0.758,0,7,0.096
C02676,31,125655,667,54,Platinum ,Direct Mail,26828,3152.28,0.316,0.648,0,10,0.02
C02677,55,35997,716,142,Classic,DIGITAL,6459,944.01,0.6,0.912,0,9,0.02
C02678,32,96075,755,21,Platinum,Direct Mail,21872,2292.95,0.274,0.962,0,10,0.02
C02679,59,72984,637,15,Gold,Digital,9177,1225.38,0.499,0.669,0,9,0.02
C02680,47,82082,776,73,Gold,Partner,13523,1163.8,0.247,0.784,0,6,0.177
C02681,58,42187,725,64,Gold,Digital,8939,1091.94,0.43,0.79,0,8,0.069
C02682,41,73597,636,22,Gold,Direct Mail,13031,1336.52,0.406,0.754,0,6,0.136
C02683,32,50562,781,63,Gold ,Partner,12518,1603.74,0.171,0.813,0,7,0.133
C02684,41,70988,752,69,Gold,Direct Mail,11824,1357.63,0.399,0.85,0,8,0.02
C02685,31,128442,778,68,Platinum,Digital,29422,2902.3,0.184,0.935,0,7,0.089
C02686,64,86159,589,40,Classic,Partner,3045,639.23,0.777,0.588,0,7,0.13
C02687,57,48771,746,46,Gold,Branch,8858,1428.17,0.313,0.935,0,7,0.127
C02688,36,52362,731,17,Gold ,Branch,6126,1108.07,0.507,0.739,0,7,0.08
C02689,37,55101,699,17,Gold,Digital,10950,956.9,0.552,0.629,0,7,0.08
C02690,47,115629,598,33,Gold,Partner,13667,1911.78,0.443,0.702,0,6,0.111
C02691,29,119161,703,65,Platinum,Digital,27538,2655.25,0.354,0.925,0,7,0.102
C02692,51,71132,682,113,Gold,Digital,14472,1516.61,0.376,0.829,0,8,0.103
C02693,63,96256,672,89,Gold,Direct Mail,13480,1759.54,0.339,0.728,0,5,0.209
C02694,36,46878,742,32,Classic,Digital,7862,898.29,0.319,0.941,0,7,0.099
C02695,38,120470,632,31,Gold,Direct Mail,13504,1893.5,0.674,0.84,0,8,0.041
C02696,48,71575,750,32,Gold,Digital,13196,1850.89,0.252,0.905,0,8,0.073
C02697,49,40459,661,3,Classic,Branch,4450,601.86,0.291,0.629,0,8,0.134
C02698,26,53860,662,32,Classic,Digital,4954,507.83,0.336,0.717,0,8,0.082
C02699,37,67769,654,84,Gold,Digital,6609,890.55,0.631,0.61,0,8,0.108
C02700,26,76291,780,26,Platinum,Partner,18250,1688.8,0.385,0.909,0,6,0.184
C02701,59,159556,643,38,Classic,Digital,11217,2035.46,0.51,0.778,0,5,0.222
C02702,41,43796,688,68,classic,Branch,5004,491.78,0.402,0.783,0,10,0.02
C02703,21,101143,600,89,GOLD,Partner,11032,1123.13,0.569,0.659,1,8,0.097
C02704,50,92543,636,33,Gold,Digital,12919,1724.27,0.491,0.692,0,6,0.104
C02705,53,133842,665,40,Platinum,Branch,27512,3004.56,0.269,0.762,0,,0.174
C02706,21,74446,707,49,Gold,Direct Mail,13052,1479.29,0.331,0.807,0,6,0.205
C02707,45,92978,645,52,Gold,Partner,12357,1005.82,0.558,0.853,0,6,0.147
C02708,60,155270,631,68,PLATINUM,branch,29520,3251.14,0.584,0.611,0,7,0.108
C02709,44,130071,676,55,Platinum,Partner,27782,2590.69,0.25,0.808,0,9,0.023
C02710,36,117519,632,8,Gold,Direct Mail,12814,1700.01,0.502,0.678,0,,0.209
C02711,45,68609,623,65,Classic,Digital,4741,150,0.65,0.716,0,7,0.117
C02712,21,79356,632,116,Gold,Branch,8773,1128.09,0.708,0.719,0,8,0.041
C02713,23,63957,651,16,Classic,Digital,4082,1255.85,0.311,0.7,0,7,0.138
C02714,32,82391,631,54,Gold,Branch,10200,1513.15,0.602,0.618,1,4,0.231
C02715,49,67360,760,123,Gold,Digital,12372,1053.6,0.392,0.852,0,8,0.073
C02716,35,254061,684,38,Platinum,Partner,40000,4867.86,0.294,0.636,1,,0.056
C02717,39,136001,630,23,Platinum,Branch,25497,2933.82,0.375,0.573,0,7,0.152
C02718,23,83761,702,31,Gold,Digital,11776,1140.13,0.258,0.763,0,8,0.023
C02719,63,77025,626,110,Gold,Digital,9917,1228.36,0.438,0.738,0,7,0.137
C02720,44,77776,545,16,Classic,Digital,4305,834.49,0.596,0.724,1,9,0.03
C02721,47,72610,700,51,Gold,Digital,8686,1177.56,0.484,0.847,0,7,0.099
C02722,54,84325,680,56,Gold,Digital,10225,1565.26,0.248,0.815,0,9,0.02
C02723,40,127615,609,21,Gold,Digital,13490,1891.42,0.464,0.69,1,8,0.044
C02724,57,28000,616,17,Classic,Direct Mail,8090,874.48,0.517,0.683,0,,0.029
C02725,31,110641,681,18,Platinum,Direct Mail,25950,3197.28,0.398,0.8,0,6,0.144
C02726,39,70233,760,20,Gold,Digital,14267,1031.06,0.346,0.959,0,8,0.039
C02727,52,101481,610,51,Gold,Branch,12154,1043.57,0.517,0.672,0,9,0.02
C02728,33,74212,628,63,Classic,Branch,6381,295.64,0.342,0.599,1,6,0.197
C02729,31,51130,642,89,Classic,Direct Mail,2152,182.46,0.382,0.638,0,7,0.093
C02730,54,66361,606,16,Classic,Direct Mail,6076,647.98,0.401,0.501,0,9,0.02
C02731,57,102995,736,25,Platinum,digital,20443,2315.58,0.41,0.753,0,8,0.064
C02732,38,98554,652,33, Gold,Partner,15301,1682.72,0.43,0.77,0,8,0.026
C02733,38,108987,711,25,Classic,Branch,10699,1387.05,0.282,0.675,0,6,0.13
C02734,48,30555,703,69,Classic,Digital,4585,763.37,0.287,0.789,0,10,0.02
C02735,41,49219,678,24,Classic,Direct Mail,4545,344.95,0.425,0.763,0,8,0.023
C02736,53,86435,635,78,Gold ,Digital,11196,1253.86,0.609,0.68,0,7,0.113
C02737,27,61261,668,73,Gold,Digital,11043,897.44,0.512,0.824,0,7,0.179
C02738,52,34096,631,106,Classic,Digital,1400,562.6,0.358,0.763,0,9,0.02
C02739,47,39252,704,77,Classic,Direct Mail,6430,474.68,0.457,0.824,0,8,0.025
C02740,30,101679,656,78,Classic,branch,6319,1123.01,0.351,0.728,0,9,0.02
C02741,27,56186,661,47,Classic,Partner,3913,448.3,0.357,0.817,0,4,0.293
C02742,45,51088,668,20,Classic,Branch,3259,597.53,0.415,0.9,0,7,0.078
C02743,46,28000,685,26,Classic,Partner,3088,150,0.376,0.739,0,7,0.104
C02744,27,85893,678,34,Gold,Digital,10025,1320.17,0.342,0.793,0,7,0.138
C02745,57,28000,688,33,Classic,Direct Mail,6113,639.29,0.458,0.767,0,8,0.027
C02746,49,92877,629,101,Gold,Partner,9137,1286.72,0.43,0.642,1,7,0.104
C02747,31,96862,630,86,Gold,Partner,10582,1300.84,0.376,0.662,1,9,0.02
C02748,40,40573,619,104,Classic,Partner,1000,575.9,0.307,0.552,0,8,0.02
C02749,35,74774,712,44,Gold,Partner,9729,1855.05,0.55,0.775,0,9,0.02
C02750,37,102955,727,48,Platinum,Digital,26043,2518.43,0.226,0.753,0,7,0.1
C02751,44,105493,682,24,Gold,Partner,16167,1956.08,0.563,0.757,0,7,0.069
C02752,23,57233,627,26,Classic, Partner,1000,395.47,0.327,0.672,0,7,0.145
C02753,38,62664,608,18,Classic,Digital,1923,700.82,0.519,0.775,0,10,0.02
C02754,47,112642,661,15,Gold,Partner,11943,1367.98,0.389,0.798,0,6,0.163
C02755,41,81940,693,47,Gold,Digital,13195,1438.68,0.494,0.815,0,10,0.02
C02756,42,28000,685,22,Classic,Direct Mail,3644,827.3,0.417,0.712,0,9,0.028
C02757,47,52154,720,13,Classic,Branch,6386,211.88,0.257,0.851,0,8,0.088
C02758,39,167292,688,39, Classic,Partner,10808,1782.29,0.574,0.787,0,9,0.02
C02759,39,128584,787,79,Platinum,Branch,30399,2858.66,0.306,1.0,0,8,0.058
C02760,47,84530,817,45,Platinum,Digital,23713,2777.89,0.23,1.0,0,5,0.224
C02761,30,75634,700,33,Classic,Partner,6323,150,0.247,0.836,0,7,0.073
C02762,31,67195,678,53,Classic,Digital,9330,1043.71,0.393,0.765,0,8,0.092
C02763,47,134230,640,41,Classic,Partner,9295,1141.78,0.622,0.681,0,7,0.121
C02764,40,111131,754,49,Platinum,Branch,22943,3059.6,0.153,0.873,0,9,0.02
C02765,35,53395,637,25,Classic,Digital,2308,208.41,0.383,0.733,0,9,0.02
C02766,40,48722,624,116,Classic,Digital,1000,150,0.534,0.634,0,8,0.044
C02767,41,74960,672,34,Gold, Branch,7823,873.53,0.496,0.767,0,9,0.103
C02768,21,61704,658,119,Classic,Digital,3399,583.16,0.48,0.811,0,7,0.076
C02769,39,70910,690,21,Gold,Direct Mail,10342,1129.85,0.293,0.59,0,8,0.025
C02770,38,81563,731,35,Gold,Digital,14980,1474.02,0.264,0.791,1,6,0.151
C02771,55,63307,561,32,Classic,Branch,3861,671.27,0.538,0.781,0,9,0.02
C02772,29,142062,826,26,Platinum,Partner,33257,3242.57,0.315,0.903,0,7,0.081
C02773,55,87260,692,25,Gold,Partner,14577,1525.84,0.439,0.745,0,7,0.089
C02774,25,43747,708,51,Classic,Branch,4579,1171.19,0.303,0.864,0,8,0.045
C02775,52,103550,720,17,Classic,Digital,8269,1395.4,0.354,0.811,0,8,0.045
C02776,58,102286,740,37,Platinum,Digital,22334,2506.68,0.263,0.958,0,9,0.021
C02777,38,40114,725,115,Classic,Direct Mail,3622,595.2,0.525,0.698,0,7,0.058
C02778,41,65509,673,59,Gold,Digital,7890,323.3,0.515,0.664,0,10,0.035
C02779,21,94258,750,92,Platinum,Digital,20628,2190.26,0.421,0.91,0,8,0.049
C02780,52,83059,618,16,Gold,Partner,9976,1260.35,0.455,0.648,0,8,0.065
C02781,51,64647,789,108,Classic,Partner,8906,1039.57,0.515,0.96,0,8,0.049
C02782,52,65485,604,24, Classic,Partner,4182,150,0.713,0.657,0,9,0.02
C02783,52,31912,740,45,Classic,Branch,3564,605.58,0.294,0.945,0,6,0.165
C02784,42,119987,785,15,Classic,Branch,13135,1480.27,0.172,1.0,0,8,0.02
C02785,25,68629,721,22,Gold,Digital,11666,968.32,0.277,0.928,0,7,0.039
C02786,54,60105,630,25,Classic,Digital,3311,781.87,0.431,0.646,0,9,0.02
C02787,43,82354,716,6,Gold,Branch,13586,1755.61,0.229,0.745,0,4,0.316
C02788,49,62258,554,114,Classic,Partner,1000,745.23,0.462,0.632,0,8,0.02
C02789,25,50489,757,88,Gold,Branch,12781,1232.76,0.35,0.822,0,4,0.292
C02790,32,70409,639,29,Classic,Direct Mail,7673,542.99,0.534,0.809,0,10,0.02
C02791,27,78076,661,30,CLASSIC,Direct Mail,7004,805.18,0.389,0.769,0,10,0.02
C02792,46,175446,716,21,Platinum,Partner,39064,3870.07,0.31,0.632,0,6,0.167
C02793,55,30027,769,65,Gold,Digital,7035,574.15,0.209,0.964,0,8,0.132
C02794,32,104683,574,41,Gold,Digital,11913,1648.63,0.584,0.6,1,3,0.303
C02795,52,73525,716,39,Gold,Digital,9442,1539.18,0.332,0.751,0,9,0.02
C02796,62,31285,667,116,Classic,Digital,3144,150,0.563,0.74,0,6,0.193
C02797,38,88230,764,72,Classic,Partner,9756,946.44,0.227,0.867,0,9,0.02
C02798,64,167217,647,12,PLATINUM,Digital,35865,3910.66,0.527,0.681,0,8,0.068
C02799,38,76669,747,49,Gold,BRANCH,12707,1202.41,0.298,0.967,0,7,0.127
C02800,42,47069,754,54,Gold,DIGITAL,6684,537.0,0.392,0.918,0,5,0.296
C02801,53,118257,783,47, Platinum, Digital,28795,3183.63,0.215,0.933,0,8,0.087
C02802,22,71028,728,32,Gold,DIGITAL,12943,1336.2,0.457,0.862,0,8,0.046
C02803,49,168918,636,10,Platinum,Partner,33480,3558.0,0.406,0.774,0,6,0.2
C02804,21,79741,671,13,Gold,Partner,8711,993.25,0.379,0.78,0,5,0.245
C02805,47,76403,680,32,Gold,Branch,11165,1310.58,0.547,0.717,0,9,0.02
C02806,44,99726,644,30,Gold ,Digital,11533,1326.85,0.473,0.748,0,8,0.05
C02807,52,93969,662,21,GOLD,Digital,12615,1435.97,0.651,0.596,1,8,0.043
C02808,66,66038,642,25,Classic,digital,6981,728.91,0.562,0.666,0,7,0.131
C02809,44,70318,674,34,Gold, Direct Mail,7835,824.81,0.353,0.772,0,7,0.173
C02810,38,72156,661,42,Gold,Digital ,9972,756.7,0.364,0.69,0,6,0.249
C02811,43,160819,703,17,Platinum,Partner,32485,3335.17,0.295,0.821,0,7,0.152
C02812,42,75195,640,54,Gold,Digital,7538,942.58,0.347,0.652,0,6,0.181
C02813,26,63640,625,59,Classic,Branch,4427,431.71,0.622,0.594,0,10,0.02
C02814,39,62888,707,52,Gold,Branch,9188,1142.99,0.656,0.69,0,9,0.036
C02815,30,91413,644,11,Gold,Direct Mail,13941,1870.58,0.668,0.8,0,6,0.134
C02816,44,56264,640,37,Classic,Digital,4270,905.32,0.498,0.768,0,8,0.034
C02817,51,191993,690,50,Classic,Digital,16138,1938.68,0.467,0.756,0,8,0.086
C02818,22,90818,658,35,Gold,Direct Mail,12781,1251.58,0.439,0.632,1,8,0.091
C02819,50,96968,689,39,Gold,Digital,14404,1410.87,0.261,0.882,0,9,0.02
C02820,55,69746,762,82,Gold,Digital,11250,1258.05,0.278,0.951,0,9,0.044
C02821,32,109375,723,122,Gold,Partner,18075,1694.87,0.298,0.935,0,9,0.026
C02822,36,60726,732,79,Gold,Digital,7652,398.42,0.406,0.726,0,7,0.194
C02823,47,71882,728,39,Classic,Partner,9038,673.67,0.549,0.9,0,10,0.02
C02824,50,65410,697,33,Gold,Digital,10999,1567.46,0.297,0.801,0,6,0.173
C02825,42,54121,676,58,Classic,Direct Mail,3253,414.36,0.248,0.648,0,8,0.108
C02826,31,95590,722,50,Platinum,Digital,20109,2079.06,0.44,0.872,0,8,0.075
C02827,21,40502,623,14,Classic,Branch,3347,205.35,0.637,0.607,1,7,0.125
C02828,38,61889,798,42,Gold,Digital,11975,1215.37,0.178,0.863,1,10,0.02
C02829,66,65082,694,47,GOLD,Digital,10116,1272.65,0.424,0.705,0,5,0.23
C02830,30,65687,680,27,Gold,Branch,11952,1197.15,0.444,0.716,0,9,0.02
C02831,41,85085,683,28,GOLD, Branch,17878,1903.38,0.604,0.717,0,8,0.047
C02832,43,131008,752,92,Classic,Digital,16464,1994.85,0.434,0.93,0,,0.034
C02833,31,40510,730,12,Gold,Digital,6998,705.84,0.371,0.674,0,9,0.124
C02834,54,77806,605,51, Classic,Partner,4362,288.39,0.531,0.607,0,6,0.183
C02835,54,102152,681,67,Gold,Digital,15601,1607.77,0.459,0.643,0,,0.02
C02836,23,62827,538,59,Classic,Partner ,1000,558.26,0.436,0.373,0,6,0.156
C02837,67,117057,835,57,Classic,Branch,17978,1807.35,0.333,0.955,0,8,0.063
C02838,47,60998,694,78,Gold,Branch,9302,1415.3,0.27,0.626,0,6,0.132
C02839,25,102670,651,26,Gold,Digital,15391,1593.16,0.3,0.828,0,8,0.04
C02840,46,47972,606,65,Classic,Partner,1000,150,0.411,0.709,1,7,0.099
C02841,29,63542,618,85,Classic,Partner,2996,754.75,0.49,0.581,1,9,0.02
C02842,63,56509,667,65,Classic,Digital,6364,501.51,0.408,0.705,0,8,0.054
C02843,33,63203,670,118,Gold,Digital,12770,1363.82,0.471,0.666,0,6,0.151
C02844,45,44783,695,9,Classic ,Partner,6543,419.93,0.312,0.72,0,6,0.167
C02845,37,103029,662,66,Gold,Direct Mail ,10080,1229.73,0.417,0.732,0,10,0.02
C02846,36,38314,636,36,Classic,Direct Mail,3531,183.0,0.525,0.724,2,,0.02
C02847,40,82044,655,3,Gold,Partner,11534,1456.71,0.435,0.783,0,6,0.227
C02848,61,90914,648,89,Gold,Digital,11778,1208.05,0.462,0.789,0,8,0.052
C02849,22,43746,759,51,Gold,Digital,7211,1076.44,0.392,0.853,0,9,0.02
C02850,30,51576,611,9,Classic,Digital ,7972,874.66,0.579,0.752,1,7,0.146
C02851,30,38224,673,35,Classic,Direct Mail,1729,150.19,0.428,0.778,0,8,0.03
C02852,47,51066,711,30,Gold,Partner,8156,865.1,0.472,0.84,0,6,0.301
C02853,36,172969,724,60,Platinum,Partner,40000,4244.82,0.255,0.893,0,6,0.114
C02854,28,77860,783,29,Classic,Partner,12470,620.38,0.227,0.865,0,7,0.094
C02855,47,40918,708,49,Classic,Direct Mail,5823,503.27,0.507,0.742,0,9,0.02
C02856,36,71904,685,34,Gold,Branch,9304,1280.7,0.536,0.706,0,5,0.201
C02857,45,106189,642,8,GOLD,Digital,11945,1373.43,0.399,0.797,0,8,0.086
C02858,54,210091,571,33,Platinum,Digital,40000,4789.87,0.59,0.584,1,8,0.069
C02859,46,141011,638,34,Platinum,Partner,24411,2750.14,0.541,0.707,0,7,0.141
C02860,45,112844,701,35,Platinum,Direct Mail,23477,2386.88,0.529,0.714,0,10,0.02
C02861,51,38414,570,14,Classic,Direct Mail,1000,669.87,0.62,0.709,0,7,0.104
C02862,41,78622,688,58,Gold,Branch,14407,1622.32,0.499,0.726,0,7,0.112
C02863,30,76005,603,79,Classic,Branch,1695,1115.03,0.5,0.597,1,6,0.154
C02864,21,78535,675,47,Gold,Branch,12141,1198.98,0.566,0.773,0,6,0.141
C02865,32,67807,687,35,Gold,Digital,12058,996.29,0.47,0.61,1,6,0.132
C02866,36,81439,637,35,Gold,Digital,9779,1595.55,0.456,0.912,1,9,0.052
C02867,43,95469,725,36,Platinum,Digital,22685,2438.23,0.412,0.768,0,10,0.02
C02868,28,42708,654,37,Classic,Digital,1000,150,0.414,0.836,0,8,0.076
C02869,29,68871,649,48,Gold,Partner,8672,1336.68,0.427,0.745,0,5,0.203
C02870,47,106120,714,54,Platinum,Branch,24476,2895.93,0.263,0.855,0,9,0.022
C02871,48,93547,729,15,Platinum,Direct Mail,22530,2113.06,0.29,0.85,0,5,0.186
C02872,37,88246,671,75,Gold,Branch,13455,1287.7,0.508,0.821,0,7,0.077
C02873,41,147354,743,31,Gold,Digital,24848,2757.46,0.243,0.859,0,8,0.068
C02874,59,75070,733,18,Gold,Digital,13536,1126.48,0.39,0.774,0,9,0.02
C02875,50,57799,636,77,Classic,Branch,5113,335.45,0.783,0.689,0,9,0.028
C02876,27,90685,819,97,Gold,Digital ,19446,2205.64,0.117,0.922,0,5,0.195
C02877,21,61388,702,13,Gold,Digital,11446,1293.42,0.285,0.656,0,10,0.02
C02878,21,114179,721,23,Classic,Branch,10906,1395.67,0.277,0.74,0,5,0.203
C02879,41,54314,704,21,Gold,Branch,6563,752.23,0.259,0.882,0,7,0.185
C02880,21,66265,641,14,Classic,Digital,2979,222.12,0.365,0.649,0,5,0.215
C02881,54,130990,773,33,Platinum,Digital,28986,2822.04,0.121,0.953,0,6,0.145
C02882,68,104697,699,58,Platinum,Direct Mail,24888,2654.96,0.276,0.77,0,7,0.081
C02883,42,28772,763,57,Gold,Direct Mail,6125,638.68,0.253,0.905,0,7,0.243
C02884,57,50026,709,54,Gold,Branch,10187,1190.9,0.27,0.751,0,8,0.022
C02885,45,55408,670,42,Classic,Branch,4277,478.79,0.345,0.839,0,9,0.024
C02886,51,75646,657,93,Gold,Digital,12523,1230.74,0.364,0.624,0,7,0.071
C02887,58,45917,674,34,Classic,Digital,1000,150,0.561,0.709,0,,0.02
C02888,37,58030,763,65,Gold, Partner,13613,1312.68,0.327,0.973,0,8,0.063
C02889,50,66684,625,56,Classic,Branch,5729,400.62,0.737,0.665,0,7,0.132
C02890,62,79455,653,9,Gold,Branch,12075,1140.03,0.407,0.79,1,8,0.081
C02891,29,37139,734,31,Classic,Digital,6176,535.52,0.49,0.914,0,6,0.156
C02892,37,40645,650,68,Classic,Digital,2336,150,0.346,0.835,0,5,0.221
C02893,58,72859,686,8,Classic,Partner,9983,1198.31,0.454,0.782,0,7,0.125
C02894,35,54003,693,46,Gold,Branch,5863,850.37,0.283,0.72,0,10,0.02
C02895,24,155463,754,50,Platinum,Direct Mail,33898,3432.73,0.215,0.789,1,8,0.075
C02896,35,40146,709,54,Classic,Direct Mail,5463,366.31,0.274,0.678,0,5,0.242
C02897,38,92646,773,47,Gold,Branch,16704,1834.6,0.172,0.88,0,8,0.048
C02898,49,89238,681,8,Gold,Branch,12770,1492.75,0.342,0.851,0,10,0.02
C02899,28,67823,675,95,Gold,Digital,9435,1490.54,0.351,0.813,0,8,0.081
C02900,40,56142,679,36,Classic,Digital,7443,1070.13,0.375,0.773,0,6,0.148
C02901,50,75016,688,51,Gold,Digital,11637,1085.05,0.378,0.649,0,7,0.118
C02902,23,52569,642,49,Classic,Partner,3913,352.54,0.362,0.562,0,10,0.02
C02903,61,143610,641,6,Platinum,Partner ,24952,2870.82,0.41,0.659,0,8,0.103
C02904,29,40911,699,36,Classic,Digital,7709,945.17,0.536,0.729,0,9,0.02
C02905,28,155963,702,41,Platinum,Branch,31542,3230.5,0.629,0.88,0,8,0.02
C02906,41,89588,667,59,Gold,Branch,11830,1212.92,0.314,0.611,0,8,0.049
C02907,39,83820,727,67,Gold,Partner,16091,1512.23,0.275,1.0,0,7,0.066
C02908,34,123874,662,39,Platinum,Partner,23068,2721.9,0.532,0.672,0,9,0.02
C02909,30,124688,680,43,Platinum,Direct Mail,24073,2305.19,0.418,0.747,0,9,0.02
C02910,34,90645,660,36,Classic,Partner,9531,834.42,0.415,0.714,0,7,0.143
C02911,46,29629,660,13,Classic,Branch,3543,276.25,0.342,0.644,0,9,0.02
C02912,44,101495,695,12,Gold,Branch,15116,1295.75,0.403,0.794,0,7,0.127
C02913,46,68497,660,13,Gold,Digital,9982,1066.19,0.297,1.0,0,8,0.037
C02914,75,84410,654,9, Gold,Digital,9335,1269.35,0.417,0.842,0,9,0.021
C02915,44,86088,703,43,Gold,Branch,16826,1119.83,0.48,0.663,0,10,0.02
C02916,53,76307,679,20,gold,Partner,6777,788.76,0.383,0.627,0,9,0.07
C02917,39,93186,645,16,Gold,Partner,11132,798.42,0.321,0.627,0,7,0.213
C02918,32,84026,716,74, Gold,Digital,13942,1586.56,0.325,0.894,0,8,0.053
C02919,40,128410,666,76,Platinum,Digital,25072,2586.43,0.52,0.723,0,10,0.02
C02920,61,108322,694,19,Platinum,Digital,21551,2164.18,0.23,0.712,0,,0.039
C02921,41,104757,689,42,Platinum,partner,20187,2420.97,0.272,0.767,0,7,0.115
C02922,46,85128,736,50,Gold,Direct Mail,16165,1905.66,0.269,0.858,0,9,0.02
C02923,39,136099,681,19,Platinum,direct mail,25636,3124.05,0.323,0.724,0,9,0.02
C02924,47,150460,662,37,Classic,Partner,12229,1542.1,0.425,0.696,0,6,0.161
C02925,44,87876,683,57,Gold,Direct Mail,11637,1534.01,0.621,0.822,0,6,0.161
C02926,42,83984,730,14,Gold,Direct Mail,12129,1187.78,0.162,0.802,0,6,0.136
C02927,37,117943,808,124,Platinum,Branch,29566,3243.84,0.184,0.815,0,7,0.085
C02928,55,90332,699,80,Gold,Digital,12422,1337.82,0.304,0.728,0,7,0.103
C02929,50,35629,767,45,Gold,Partner,8057,446.54,0.173,0.956,0,6,0.271
C02930,27,46404,730,9,Gold,Branch,10887,1138.37,0.25,0.722,0,8,0.063
C02931,50,49727,827,31,Gold,Direct Mail,11764,1369.76,0.285,1.0,0,7,0.176
C02932,50,144027,684,81,Gold,Branch,22604,2406.26,0.414,0.736,0,9,0.02
C02933,47,108930,627,36,Gold,Digital,12182,1685.05,0.518,0.613,0,8,0.023
C02934,37,75391,692,91,Gold,Branch,11390,1303.82,0.326,0.837,0,7,0.143
C02935,43,28616,756,28,Classic,digital,5736,184.72,0.631,0.754,0,7,0.086
C02936,51,56603,652,92,Classic,Partner,4399,623.5,0.705,0.715,0,9,0.02
C02937,72,65962,697,5,Gold,Digital,10506,1476.94,0.315,0.767,0,8,0.123
C02938,62,110884,625,73,Gold,Branch,13731,1173.8,0.501,0.728,0,8,0.057
C02939,55,82188,784,16,Platinum,Partner,21047,2293.6,0.409,0.942,0,5,0.194
C02940,32,93951,686,56,Classic,Branch,10120,1075.15,0.541,0.692,0,6,0.123
C02941,62,78830,642,10,Gold,Partner,11214,1277.2,0.619,0.713,0,9,0.02
C02942,61,55224,719,4,Gold,Partner,10856,785.85,0.322,0.711,0,9,0.173
C02943,41,42692,665,35,Classic,Branch,4767,318.98,0.331,0.714,0,5,0.217
C02944,50,130267,726,30,Platinum,Digital ,26562,2544.81,0.337,0.936,0,5,0.19
C02945,65,28000,700,42,Classic,Direct Mail,2530,435.79,0.316,0.832,0,5,0.193
C02946,29,47009,639,7,classic,Branch,5972,1056.64,0.435,0.709,1,7,0.177
C02947,33,69097,662,30,Gold,Digital,8142,529.18,0.539,0.838,0,6,0.239
C02948,21,38401,718,64,Classic,Direct Mail,6353,569.89,0.436,0.737,0,8,0.02
C02949,59,79323,670,80,Gold,Partner,10417,977.61,0.388,0.876,0,8,0.067
C02950,41,74882,603,56,Classic,Direct Mail,4235,562.09,0.626,0.502,0,8,0.05
C02951,56,111144,666,19,Gold,Partner,14413,2045.24,0.396,0.869,0,6,0.11
C02952,44,51137,703,34,Gold,Digital,12508,1063.8,0.367,0.946,0,8,0.058
C02953,37,94676,684,26,Gold,Digital,12315,1584.0,0.655,0.742,0,9,0.02
C02954,46,41415,768,56,Gold,Partner,10938,1119.33,0.229,0.821,0,9,0.029
C02955,31,52116,684,51,Classic,Direct Mail,5404,500.34,0.48,0.72,0,8,0.082
C02956,37,28000,664,22,Classic, Partner,1000,179.04,0.348,0.623,0,7,0.104
C02957,46,82889,631,71,Gold,Partner,12476,1664.68,0.413,0.729,0,7,0.101
C02958,50,97402,679,18,Gold,Branch,14222,1493.79,0.255,0.868,0,8,0.065
C02959,61,69025,629,36,Classic,Direct Mail,5419,336.46,0.601,0.681,0,7,0.107
C02960,26,58402,613,75,Classic,Digital,6632,846.29,0.436,0.657,0,9,0.02
C02961,70,62200,655,42,Classic,Branch,6700,591.25,0.475,0.764,0,8,0.082
C02962,38,45034,561,78,Classic,Partner,4160,965.07,0.559,0.658,0,8,0.053
C02963,52,107997,799,46,Platinum,Branch,22363,2373.36,0.462,0.87,0,8,0.073
C02964,59,82232,643,114,Gold,Digital,5674,949.91,0.468,0.646,0,7,0.104
C02965,47,73246,721,35,Gold,Branch,10914,848.21,0.322,0.738,0,6,0.233
C02966,51,151333,663,59,Platinum,Branch,33128,3297.51,0.382,0.758,0,9,0.02
C02967,52,92350,631,41,Gold,Direct Mail,11566,1206.84,0.501,0.707,0,5,0.225
C02968,39,57262,744,41,Gold,Digital,10420,1019.26,0.53,0.718,0,6,0.151
C02969,38,82078,560,92,Classic,Partner,3449,1028.93,0.426,0.652,0,10,0.02
C02970,27,79496,720,66,Gold,Digital,8746,550.81,0.392,0.803,0,5,0.256
C02971,27,43726,733,32,Gold,Digital ,7854,844.87,0.244,0.864,0,7,0.189
C02972,67,85202,721,95,Gold,Digital,11990,1335.62,0.602,0.878,0,9,0.02
C02973,62,90552,779,28,Platinum,Partner,24026,2466.93,0.257,0.858,0,10,0.02
C02974,57,36370,717,93,Classic,Digital,8592,1083.4,0.383,0.808,0,8,0.081
C02975,44,78395,745,41,Gold, Branch,14157,1711.36,0.289,0.769,0,8,0.057
C02976,55,110008,647,11,Gold,Digital,12918,1587.47,0.369,0.695,0,8,0.073
C02977,21,48477,747,11,Gold,Digital,8702,935.36,0.266,0.766,0,8,0.058
C02978,53,46471,690,53,Classic,Direct Mail,4611,319.32,0.406,0.93,0,7,0.121
C02979,28,28000,646,37,Classic,Digital,1000,150,0.685,0.609,0,7,0.104
C02980,47,184570,692,24,Platinum,Direct Mail,38906,4086.35,0.535,0.866,0,8,0.049
C02981,59,133382,719,41,Platinum,Partner,33006,3042.83,0.389,0.8,0,6,0.123
C02982,24,115728,635,21,Gold,Digital,11711,1718.49,0.309,0.6,0,4,0.26
C02983,54,52020,706,65,Gold,Digital,5483,1124.23,0.231,0.811,0,,0.217
C02984,21,47153,675,79,Classic,Branch,4239,615.3,0.375,0.815,0,10,0.02
C02985,45,50843,637,138,Classic,Direct Mail,6551,861.11,0.302,0.772,0,6,0.173
C02986,33,119969,710,39,Gold,Branch,20407,2083.56,0.398,0.843,0,9,0.02
C02987,36,105322,607,29,Gold,Direct Mail,14469,1655.65,0.839,0.83,0,5,0.2
C02988,25,114818,701,35,Platinum,Digital,27070,2812.74,0.493,0.79,0,9,0.053
C02989,37,56650,643,39,Classic,Direct Mail,6111,1255.91,0.359,0.733,0,6,0.174
C02990,32,28401,696,10,Classic,Branch,4950,685.26,0.473,0.779,0,8,0.066
C02991,30,87446,638,3,Gold,Direct Mail,9116,969.83,0.553,0.66,0,10,0.04
C02992,65,78671,661,44,Classic,Digital ,4875,353.57,0.611,0.776,0,6,0.202
C02993,31,61432,664,34,Classic,Branch,7484,1227.18,0.418,0.731,1,8,0.059
C02994,33,103281,614,36,Gold,Direct Mail,11834,1619.83,0.385,0.729,0,7,0.112
C02995,38,68076,688,18,Gold,Digital ,10404,1281.55,0.252,0.721,0,8,0.066
C02996,56,76195,609,18,Classic,Branch,6230,985.95,0.531,0.645,0,9,0.02
C02997,48,50426,686,16,Classic,Digital,8027,675.58,0.349,0.694,0,7,0.109
C02998,30,64599,704,46, Classic,Digital,6486,1106.0,0.352,0.622,0,,0.02
C02999,48,52443,567,54,Classic,Digital,5014,601.17,0.583,0.613,0,7,0.114
C03000,47,113414,782,36,Classic,Partner,14643,2195.01,0.138,1.0,0,7,0.124
